name,category,price,image_url
Kadın Renkli 5 Li Ip Askılı Pedli Sporcu Sütyen Yarım Atlet,Kadın,400.02,https://cdn.dsmcdn.com/mnresize/400/-/ty1631/prod/QC/20250129/23/2b497779-585f-378e-b1ef-a5cff493eda7/1_org_zoom.jpg
Liora Kadın Parfüm Floral Edp 50 ml,Kadın,368.35,https://cdn.dsmcdn.com/mnresize/400/-/ty1770/prod/QC_ENRICHMENT/20251012/17/1fcf4275-74da-3aec-b2be-2d86d8315906/1_org_zoom.jpg
2’li Paket Kadın Mevsimlik Oversize Eşofman Altı Seti - Siyah & Gri Renk Seçeneği - Rahat Kalıp,Kadın,341.74,https://cdn.dsmcdn.com/mnresize/400/-/ty1916/prod/QC_PREP/20260502/10/2a0507f2-602d-35cf-b2c7-3aec9b2648a7/1_org_zoom.jpg
Kadın Belden Bağlamalı 2'li Şort,Kadın,445.4,https://cdn.dsmcdn.com/mnresize/400/-/ty1668/prod/QC/20250424/14/7b31c5bc-acb5-3955-88bd-f371c8a786bd/1_org_zoom.jpg
Kadın Kaşkorse Askılı Baby Overlook ve Fiyonk Detaylı Şort Takımı,Kadın,357.1,https://cdn.dsmcdn.com/mnresize/400/-/ty1831/prod/QC_PREP/20260225/11/18c69079-286a-3d1c-b5b7-0f5b3b231d56/1_org_zoom.jpg
KADIN TIRTIK,Kadın,597.19,https://cdn.dsmcdn.com/mnresize/400/-/ty1916/prod/QC_PREP/20260607/08/653c42e5-087a-3aeb-9ade-d1700245dfcf/1_org_zoom.jpg
Kadın Mango Bisiklet Yaka Tişört 50323529-VR244,Kadın,395.98,https://cdn.dsmcdn.com/mnresize/400/-/ty1927/prod/QC_PREP/20260520/13/cec2bdee-cfe3-3eb9-8ff7-6d8d862302c0/1_org_zoom.jpg
"Hacim ve Dolgunluk Veren Şampuan, Biberiye Yağı İçeren, 300 ml",Kadın,1035.5,https://cdn.dsmcdn.com/mnresize/400/-/ty1695/prod/QC_PREP/20250617/18/139be919-d1be-349d-8c6b-d8764334ad0d/1_org_zoom.jpg
"Onarıcı Şampuan, Kuru ve Hasar Görmüş Saçlar için, 5 Esansiyel Yağ İçeren, 300 ml",Kadın,1035.5,https://cdn.dsmcdn.com/mnresize/400/-/ty1476/product/media/images/prod/QC/20240812/03/bda07ea7-c309-3443-b5d1-319ad7bda64d/1_org_zoom.jpg
yeşil lale desenli Bürümcük-Krınkıl Kısa Kollu Düğmeli Biyeli Şortlu Pijama Takım 8008,Kadın,339.63,https://cdn.dsmcdn.com/mnresize/400/-/ty1857/prod/QC_PREP/20260422/11/73e94a76-10df-3799-8319-4dc06be335bc/1_org_zoom.jpg
Ekru Kaplan Desenli Yumuşak Tuşe Yazlık Fitilli Pamuklu Örme Pijama Takım 7994,Kadın,356.37,https://cdn.dsmcdn.com/mnresize/400/-/ty1850/prod/QC_PREP/20260403/11/a831a08d-9164-3093-a874-268c3c5301b6/1_org_zoom.jpg
sarı ekose kareli Nakışlı Düğmeli Biyeli İnce Soft Örme Şortlu Pijama Takımı 8022,Kadın,429.93,https://cdn.dsmcdn.com/mnresize/400/-/ty1900/prod/QC_PREP/20260504/16/6027e255-092f-3429-a6eb-995293646943/1_org_zoom.jpg
KADIN SATEN GRİ DANTELLİ SABAHLIK GECELİK TAKIM,Kadın,899.5,https://cdn.dsmcdn.com/mnresize/400/-/ty1788/prod/QC_ENRICHMENT/20251114/14/7e5d657f-8842-39d2-a2db-b5448d1a26a3/1_org_zoom.jpg
Kadın Kol Saati / Rlx Private Series,Kadın,622.0,https://cdn.dsmcdn.com/mnresize/400/-/ty1921/prod/QC_PREP/20260608/23/a53ff485-9de2-3769-9996-feced3eb65df/1_org_zoom.jpg
Istiridye Midye Hasır Omuz Çanta,Kadın,333.49,https://cdn.dsmcdn.com/mnresize/400/-/ty1754/prod/QC_ENRICHMENT/20250911/12/ad681d7b-2786-37a0-ae22-14bfd22f0d46/1_org_zoom.jpg
Kadın Siyah Basic Tişört 50323461-VR046,Kadın,503.98,https://cdn.dsmcdn.com/mnresize/400/-/ty1924/prod/QC_PREP/20260515/18/fb801be0-5487-3a42-affb-2f3af9a8805d/1_org_zoom.jpg
DÜĞMELİ PİJAMA TAKIM,Kadın,316.16,https://cdn.dsmcdn.com/mnresize/400/-/ty1859/prod/QC_ENRICHMENT/20260424/16/ad1a0037-2584-34eb-abf8-cd746125d7d3/1_org_zoom.jpg
Kadın Beyaz Basic Tişört 50323461-VR013,Kadın,503.98,https://cdn.dsmcdn.com/mnresize/400/-/ty1934/prod/QC_PREP/20260515/17/5721157e-3f3a-3df4-8b55-654e47b60003/1_org_zoom.jpg
Erkek Kısa Kollu Pamuklu Popcorn Desenli Şortlu Pijama Takımı,Kadın,519.92,https://cdn.dsmcdn.com/mnresize/400/-/ty1807/prod/QC_ENRICHMENT/20260107/11/a81fa055-7335-3b4e-a283-1ab4e40ad26c/1_org_zoom.jpg
Toparlayıcı Etkili Yüksek Bel Kadın Günlük Ve Spor Tayt,Kadın,174.81,https://cdn.dsmcdn.com/mnresize/400/-/ty1408/product/media/images/prod/QC/20240707/23/c233d76c-0914-3c70-ad41-ebbf63e88cd1/1_org_zoom.jpg
BÜRÜMCÜK ARABİYELİ DÜĞMELİ PİJAMA TAKIM,Kadın,389.22,https://cdn.dsmcdn.com/mnresize/400/-/ty1669/prod/QC/20250425/17/dd6888fd-7896-3772-806c-7c322ac8eaf1/1_org_zoom.jpg
Kadın Lacivert-ekru Kısa Kollu Pamuklu Düğmeli Biyeli Pijama Takım,Kadın,297.79,https://cdn.dsmcdn.com/mnresize/400/-/ty1854/prod/QC_ENRICHMENT/20260413/12/f2212233-cd94-3614-beae-67a38acc7397/1_org_zoom.jpg
Gül Desen Pamuk Şal Pudra ps72,Kadın,189.65,https://cdn.dsmcdn.com/mnresize/400/-/ty1692/prod/QC_PREP/20250614/00/4c65ce80-3388-3cff-8734-bec557bb6bb0/1_org_zoom.jpg
Jemmy Kadın %100 Organik Pamuk Relaxed Fit Yırtmaçlı Yuvarlak Yakalı Beyaz T-shirt,Kadın,289.42,https://cdn.dsmcdn.com/mnresize/400/-/ty1618/prod/QC/20241231/18/11975aa6-466a-3616-87d3-e3665a5e5eee/1_org_zoom.jpg
İnceltici Etkili Toparlayıcı Lazer Kesim Iz Yapmayan Hayalet Paçalı Korse,Kadın,199.96,https://cdn.dsmcdn.com/mnresize/400/-/ty1896/prod/QC_ENRICHMENT/20260522/14/061bae0c-d424-34ae-8ae0-281cced915e6/1_org_zoom.jpg
Desenli Pamuk Soft Şal Soon Serisi Lacivert Mavi ps154,Kadın,198.99,https://cdn.dsmcdn.com/mnresize/400/-/ty1779/prod/QC_PREP/20251025/11/4d6a9e65-39c5-376c-b59d-5a0fafbf9769/1_org_zoom.jpg
"Turunculaşma Karşıtı Mor Saç Bakım Şampuanı,250 ml, Sülfatlı, Vegan, Mor Şampuan",Kadın,292.5,https://cdn.dsmcdn.com/mnresize/400/-/ty1829/prod/QC_ENRICHMENT/20260220/11/6e71dcb4-cbc6-3498-94ae-c68e2101c191/1_org_zoom.jpg
Çiçek Baskılı Fırfırlı Pijama Takımı,Kadın,353.39,https://cdn.dsmcdn.com/mnresize/400/-/ty1923/prod/QC_ENRICHMENT/20260507/16/2d8bb739-5bb0-3ddf-86cb-6ee3ffcfad53/1_org_zoom.jpg
Bej Kırmızı Biye Detaylı Kiraz Nakışlı Bebek Yaka Şortlu Kısa Kollu Pijama Takımı,Kadın,365.78,https://cdn.dsmcdn.com/mnresize/400/-/ty1933/prod/QC_ENRICHMENT/20260522/17/aaa4068f-34e4-37d5-b488-668a96a7018c/1_org_zoom.jpg
Kadın 10 Çift Premium Kalite Pamuklu Meyve Desenli Babet Çorap,Kadın,180.88,https://cdn.dsmcdn.com/mnresize/400/-/ty1714/prod/QC_ENRICHMENT/20250722/13/4773e391-a266-304f-a1c7-251063bf1707/1_org_zoom.jpg
Kadın Bato Yüksek Bel Renkli Seven Day Külot 7'li Paket,Kadın,270.63,https://cdn.dsmcdn.com/mnresize/400/-/ty1326/product/media/images/prod/QC/20240522/23/6c5399ef-6984-3101-85cb-eb783145c305/1_org_zoom.jpg
Kadın 10 Çift Premium Çiçek ve Hayvan Desenli Görünmez Babet Çorap Şeker Beyazı,Kadın,180.78,https://cdn.dsmcdn.com/mnresize/400/-/ty1835/prod/QC_ENRICHMENT/20260304/19/565bb23d-05e5-33d8-a3c0-eeb7c676b05c/1_org_zoom.jpg
Desenli Pamuk Soft Şal Mena Serisi Lacivert Vizon ps66,Kadın,190.4,https://cdn.dsmcdn.com/mnresize/400/-/ty1736/prod/QC_PREP/20250823/10/60262090-681f-3c4f-9073-3d6a39805459/1_org_zoom.jpg
5mm 14k Altın Renk Baget Taş Su Yolu Kararmaz Bileklik 16+2cm Kadın Çelik Bileklik,Kadın,161.33,https://cdn.dsmcdn.com/mnresize/400/-/ty1910/prod/QC_ENRICHMENT/20260508/07/cc49575a-a3ec-378f-8bb3-2d836d3fd41b/1_org_zoom.jpg
DÜĞMELİ ŞORT TAKIM,Kadın,324.46,https://cdn.dsmcdn.com/mnresize/400/-/ty1900/prod/QC_ENRICHMENT/20260428/15/3ed8600d-966d-3cb5-bcb5-976325347f80/1_org_zoom.jpg
Bele Oturan Geniş Kollu Doğal Viskon Bluz,Kadın,399.84,https://cdn.dsmcdn.com/mnresize/400/-/ty1814/prod/QC_PREP/20260119/17/bcbd9acd-3b6c-3cfd-bba4-9a97c3ebd472/1_org_zoom.jpg
Kadın Siyah Şalvar Model Balon Pantolon,Kadın,199.74,https://cdn.dsmcdn.com/mnresize/400/-/ty1695/prod/QC_PREP/20250618/15/de5b081c-7fb8-3c99-a48d-af071310b06b/1_org_zoom.jpg
Chronologiste Yaşlanma Belirtileriyle Zayıflayan Saçlar Için Şampuan 250ml,Erkek,2068.0,https://cdn.dsmcdn.com/mnresize/400/-/ty1919/prod/QC_ENRICHMENT/20260605/16/0eb476b2-8d9a-3215-a3a5-9f5b30e91c68/1_org_zoom.jpg
"Hacim ve Dolgunluk Veren Şampuan, Biberiye Yağı İçeren, 300 ml",Erkek,1035.5,https://cdn.dsmcdn.com/mnresize/400/-/ty1695/prod/QC_PREP/20250617/18/139be919-d1be-349d-8c6b-d8764334ad0d/1_org_zoom.jpg
"Onarıcı Şampuan, Kuru ve Hasar Görmüş Saçlar için, 5 Esansiyel Yağ İçeren, 300 ml",Erkek,1035.5,https://cdn.dsmcdn.com/mnresize/400/-/ty1476/product/media/images/prod/QC/20240812/03/bda07ea7-c309-3443-b5d1-319ad7bda64d/1_org_zoom.jpg
Erkek Çekmeyen Pamuklu Kumaş Slim Fit Dar Kesim Simsiyah Kıvrılmaz Polo Yaka T-shirt,Erkek,413.99,https://cdn.dsmcdn.com/mnresize/400/-/ty1754/prod/QC_PREP/20250911/10/d206c054-28ef-39ce-bf6c-e58bcdd31f32/1_org_zoom.jpg
Erkek Fitilli Atlet - Likralı Pamuk Kaşkorse Halter Yaka Tank Top Atlet,Erkek,284.9,https://cdn.dsmcdn.com/mnresize/400/-/ty1475/product/media/images/prod/QC/20240811/11/4d6ab7c9-8b5f-3822-b65a-4eff08b0fcd4/1_org_zoom.jpg
lacivert Kısa Kollu Örme Nakışlı Erkek Şort-Pijama Takım 7820,Erkek,301.59,https://cdn.dsmcdn.com/mnresize/400/-/ty1807/prod/QC_ENRICHMENT/20251231/12/2f3cf8d8-1297-3d9f-b2b5-0325d1f9615a/1_org_zoom.jpg
Erkek Çekmeyen Pamuklu Kumaş Slim Fit Dar Kesim Lacivert Kıvrılmaz Polo Yaka Tişört,Erkek,391.44,https://cdn.dsmcdn.com/mnresize/400/-/ty1000395/product/media/images/prod/PIM/20260505/09/97beeed9-3f4a-4617-83c8-9a788fdac9eb/1_org_zoom.jpg
Erkek Çekmeyen Pamuklu Kumaş Slim Fit Dar Kesim Beyaz Kıvrılmaz Polo Yaka T-shirt,Erkek,407.9,https://cdn.dsmcdn.com/mnresize/400/-/ty1000394/product/media/images/prod/PIM/20260430/13/4c8cafa6-42dd-43dd-bd3a-41f3481d3972/1_org_zoom.jpg
ERKEK ATLET %70 PAMUK GENİŞ KALIP BASİC ATLET 6'LI PAKET,Erkek,329.16,https://cdn.dsmcdn.com/mnresize/400/-/ty1825/prod/QC_ENRICHMENT/20260213/19/48126a89-f687-3e9f-9fb6-e35c2fcc93b4/1_org_zoom.jpg
lacivert Kısa Kollu Örme Erkek Pijama Takım 7794,Erkek,324.42,https://cdn.dsmcdn.com/mnresize/400/-/ty1808/prod/QC_ENRICHMENT/20251231/08/012b8f39-6ead-34aa-bc2d-6560819ef329/1_org_zoom.jpg
3 Adet Erkek Premium Yazlık Jogger Keten Pantolon,Erkek,1385.27,https://cdn.dsmcdn.com/mnresize/400/-/ty1862/prod/QC_PREP/20260426/17/65b15b3c-69f2-37c9-b6b2-c0efeec7ed7b/1_org_zoom.jpg
Desenli Para Bölmeli Hediye Kutulu Kartlık Cüzdan,Erkek,639.99,https://cdn.dsmcdn.com/mnresize/400/-/ty1846/prod/QC_ENRICHMENT/20260326/13/2913bcc5-2e1f-33cd-92e4-b52721363c96/1_org_zoom.jpg
Rıcardo Mavi Erkek Jean Pantolon Lf2038394,Erkek,2124.91,https://cdn.dsmcdn.com/mnresize/400/-/ty1823/prod/QC_PREP/20260210/22/54371544-900b-3757-9de5-22788f802950/1_org_zoom.jpg
Erkek Pamuklu Füme Baskılı Cepli Şort Pijama Takımı,Erkek,468.38,https://cdn.dsmcdn.com/mnresize/400/-/ty1662/prod/QC/20250417/09/40502592-9da2-3b68-ba7a-3cef7d6ac8a9/1_org_zoom.jpg
Polo Yaka Slim Fit Nakışlı %100 Pamuk Tişört,Erkek,499.5,https://cdn.dsmcdn.com/mnresize/400/-/ty1915/prod/QC_ENRICHMENT/20260511/15/745ad967-9f15-3469-b401-bb26756a8d59/1_org_zoom.jpg
Erkek Siyah Pamuklu Baggy Fit Rahat Kesim Beli Bağcıklı Yan Cepli Örme Eşofman Altı,Erkek,472.45,https://cdn.dsmcdn.com/mnresize/400/-/ty1000381/product/media/images/prod/PIM/20260327/12/058d0211-aa62-46e3-8653-f2689bc05cd3/1_org_zoom.jpg
Erkek Kısa Kollu Bisiklet Yaka Triko Tişört,Erkek,379.9,https://cdn.dsmcdn.com/mnresize/400/-/ty1896/prod/QC_PREP/20260522/12/0514c71d-9f7f-3260-94bb-fbaedeffc08e/1_org_zoom.jpg
Slim Fit Pamuklu Basic Kısa Kol Polo Yaka,Erkek,358.26,https://cdn.dsmcdn.com/mnresize/400/-/ty1906/prod/QC_ENRICHMENT/20260520/15/a0a09eb2-30c0-337a-887e-c574747da725/1_org_zoom.jpg
siyah Kısa Kollu Örme Nakışlı Erkek Şort-Pijama Takım 7820,Erkek,301.59,https://cdn.dsmcdn.com/mnresize/400/-/ty1807/prod/QC_ENRICHMENT/20251231/13/83af2da3-8322-346f-bfbe-2e9f627e471d/1_org_zoom.jpg
Erkek Lacivert Pamuklu Slim Fit Dar Kesim Polo Yaka Tişört,Erkek,354.82,https://cdn.dsmcdn.com/mnresize/400/-/ty1000395/product/media/images/prod/PIM/20260505/09/02623072-ee59-4800-a8d3-1400845ca40f/1_org_zoom.jpg
Lacivert Slim Fit %100 Pamuk Kıvrılmaz Fermuarlı Polo Yaka Basic Tişört 50325311-VR033,Erkek,674.64,https://cdn.dsmcdn.com/mnresize/400/-/ty1850/prod/QC_PREP/20260402/10/c3a5e14d-0132-3d31-a35a-8cec102cb9d2/1_org_zoom.jpg
Erkek 5li Pamuklu Patik Çorap C6746AXNS,Erkek,149.99,https://cdn.dsmcdn.com/mnresize/400/-/ty1717/prod/QC_ENRICHMENT/20250731/21/2b87cc3e-3fb6-3167-a65f-e4fffe65c74e/1_org_zoom.jpg
Erkek Bej Slim Fit Dar Kesim %100 Pamuk Kıvrılmaz Polo Yaka Tişört,Erkek,572.71,https://cdn.dsmcdn.com/mnresize/400/-/ty1426/product/media/images/prod/PIM/20240717/06/e7254e0b-6d5b-4a11-8307-d2805e326816/1_org_zoom.jpg
Erkek Koyu Antrasit Pamuklu Rahat Nefes Alabilen 2 İplik Cepli Örme Standart Fit Normal Kesim Şort,Erkek,372.59,https://cdn.dsmcdn.com/mnresize/400/-/ty1000403/product/media/images/prod/PIM/20260605/11/bc1a1f7b-fa2e-44e0-908e-b4e5ef55ca87/1_org_zoom.jpg
Unisex Comfort Pamuklu Terletmez Patik Çorap Seti 8 Çift,Erkek,179.99,https://cdn.dsmcdn.com/mnresize/400/-/ty1190/product/media/images/prod/SPM/PIM/20240301/16/442506f6-53b7-3504-9305-05eda6523774/1_org_zoom.jpg
Erkek Haki %100 Pamuk Kıvrılmaz Pike Polo Yaka Slim Fit Dar Kesim Tişört,Erkek,501.75,https://cdn.dsmcdn.com/mnresize/400/-/ty1417/product/media/images/prod/QC/20240712/12/7def5e9e-4cf1-3e4f-bc27-f66875db3c87/1_org_zoom.jpg
ERKEK BEYAZ SALAŞ GÖMLIK,Erkek,478.8,https://cdn.dsmcdn.com/mnresize/400/-/ty1679/prod/QC/20250515/01/10bfce86-9544-31fe-b042-d900f0d56f49/1_org_zoom.jpg
Hitit Sock Erkek 10 Çift Premium Kalite Pamuklu Düz Patik Siyah Beyaz,Erkek,174.0,https://cdn.dsmcdn.com/mnresize/400/-/ty1714/prod/QC_ENRICHMENT/20250722/15/a60dfa69-0a92-375b-a857-d23e515bb534/1_org_zoom.jpg
Erkek Pamuklu Baskı Detaylı Şort Takımı,Erkek,439.92,https://cdn.dsmcdn.com/mnresize/400/-/ty1677/prod/QC/20250513/10/94427831-e720-356c-9bf6-1b50d3bea012/1_org_zoom.jpg
Ekru Slim Fit Bisiklet Yaka Tişört 50327864-VR019,Erkek,503.68,https://cdn.dsmcdn.com/mnresize/400/-/ty1914/prod/QC_PREP/20260601/15/6b05e77a-5128-3d8d-ba2b-6e834fd15e30/1_org_zoom.jpg
Erkek Double Yaka Şortlu Pijama Takımı,Erkek,519.92,https://cdn.dsmcdn.com/mnresize/400/-/ty1652/prod/QC/20250314/11/34b41c39-2997-38cc-ba6e-38f67191e263/1_org_zoom.jpg
Erkek Pamuklu Kısa Kollu Lacivert Ekose Desenli Cep Detaylı Pijama Takımı,Erkek,567.92,https://cdn.dsmcdn.com/mnresize/400/-/ty1807/prod/QC_ENRICHMENT/20260107/12/498bc873-2232-37f8-aa4f-f74aa26f6f1a/1_org_zoom.jpg
Erkek Pamuklu Mavi Baskılı Cepli Şort Pijama Takımı,Erkek,519.92,https://cdn.dsmcdn.com/mnresize/400/-/ty1647/prod/QC/20250313/11/371271bd-a339-304d-8b7f-986cac553bc9/1_org_zoom.jpg
Polo Yaka Regular Fit Desenli Pamuklu Tişört,Erkek,398.99,https://cdn.dsmcdn.com/mnresize/400/-/ty1934/prod/QC_ENRICHMENT/20260429/14/abafbee8-6253-314e-8501-afa52ce68dd4/1_org_zoom.jpg
Erkek Pamuklu Kısa Kollu Palmiye Desenli Cepli Şortlu Pijama Takımı,Erkek,535.92,https://cdn.dsmcdn.com/mnresize/400/-/ty1827/prod/QC_PREP/20260217/08/3cd2d6cc-d78e-3808-9687-473334f8894e/1_org_zoom.jpg
Erkek Kısa Kollu Pamuklu Ayıcık Desenli Şortlu Pijama Takımı,Erkek,519.92,https://cdn.dsmcdn.com/mnresize/400/-/ty1767/prod/QC_ENRICHMENT/20251009/15/48932e06-3269-3eaa-8a5a-9a8ffd5e0887/1_org_zoom.jpg
Koyu Mavi Regular Fit %100 Pamuk Kıvrılmaz Düğmeli Polo Yaka Basic Tişört 50325290-VR032,Erkek,629.64,https://cdn.dsmcdn.com/mnresize/400/-/ty1859/prod/QC_PREP/20260421/10/55cce2db-e34c-3956-9174-7a9e23ffc1b9/1_org_zoom.jpg
Erkek Pamuklu Köpek Baskılı Cepli Şort Pijama Takımı,Erkek,535.92,https://cdn.dsmcdn.com/mnresize/400/-/ty1829/prod/QC_PREP/20260219/11/f2353f28-9923-309e-ba55-0d59bbf37453/1_org_zoom.jpg
Deniz Ayakkabısı Kaymaz Taban Şık Havuz Simsiz Şeffaf Plaj Rafting Sandaleti 130,Erkek,199.0,https://cdn.dsmcdn.com/mnresize/400/-/ty1707/prod/QC_ENRICHMENT/20250712/14/a808edc1-d342-3d2b-95d8-11e272c85574/1_org_zoom.jpg
lacivert Erkek Kısa Kollu Pamuklu Gömlek Yaka Düğmeli Biyeli Pijama Takım 7822,Erkek,408.38,https://cdn.dsmcdn.com/mnresize/400/-/ty1808/prod/QC_ENRICHMENT/20251231/09/64d73a6b-94ea-3331-a884-0d956533c9c0/1_org_zoom.jpg
Erkek Regular Fit Polo Yaka Beyaz Basic Tişört 50326963-VR013,Erkek,575.98,https://cdn.dsmcdn.com/mnresize/400/-/ty1853/prod/QC_PREP/20260408/09/c72680ee-6472-36e8-a7b4-c752abc0718b/1_org_zoom.jpg
Erkek Çekmeyen Pamuklu Kumaş Comfort Fit Rahat Kesim Laci-indigo Kıvrılmaz Polo Yaka Cepli Tişört,Erkek,410.83,https://cdn.dsmcdn.com/mnresize/400/-/ty1418/product/media/images/prod/QC/20240712/12/b177ad6a-b5c7-3999-a03f-dde1be7d929d/1_org_zoom.jpg
Unisex 5'li Paket Siyah-Beyaz-Haki-Bordo-Vizon Slim Fit Dar Kesim %100 Pamuk Bisiklet Yaka Tişört,Erkek,899.66,https://cdn.dsmcdn.com/mnresize/400/-/ty1637/prod/QC/20250212/23/c68fb293-754f-32bd-a6d1-ecc0bea0eb7c/1_org_zoom.jpg
2'li Cüzdan & Kemer Seti Hediye Kutulu Set,Erkek,1079.28,https://cdn.dsmcdn.com/mnresize/400/-/ty1940/prod/QC_ENRICHMENT/20260521/11/2001a928-033d-312b-8755-9c8666a9f34b/1_org_zoom.jpg
Erkek Oversize Gömlek Yaka Uzun Kollu Keten Yazlık Gömlek,Erkek,736.29,https://cdn.dsmcdn.com/mnresize/400/-/ty1554/product/media/images/ty1552/prod/QC/20240918/00/6a0aa772-3d1c-3461-b3f1-5ded6d8ef4b8/1_org_zoom.jpg
Ds Damat Slim Fit Taş Beli Lastikli İpli Fermuarlı Likralı Rahat Jogger Pantolon,Erkek,1007.37,https://cdn.dsmcdn.com/mnresize/400/-/ty1723/prod/QC_ENRICHMENT/20250809/05/f6e2aed0-7a53-35f2-971e-523c642e0e09/1_org_zoom.jpg
5'li Pamuklu Likralı Esnek Dikişsiz Spor Çorap Seti,Erkek,251.99,https://cdn.dsmcdn.com/mnresize/400/-/ty1816/prod/QC_ENRICHMENT/20260128/17/306fb1de-3e97-3bf5-9d85-8a98b8c9795b/1_org_zoom.jpg
Polo Yaka Regular Fit Nakışlı Pamuklu Tişört,Erkek,398.99,https://cdn.dsmcdn.com/mnresize/400/-/ty1896/prod/QC_ENRICHMENT/20260506/09/48618857-bfec-36a1-9fe0-db83f186f65f/1_org_zoom.jpg
Yeni Sezon Rahat Kalıp Esnek Kumaş Beli Lastikli Baggy Pantolon,Erkek,373.79,https://cdn.dsmcdn.com/mnresize/400/-/ty1469/product/media/images/prod/QC/20240807/12/788d6fbe-4ed1-313b-8685-ebf31648d8bf/1_org_zoom.jpg
10'lu Ekonomik Paket Unısex Beyaz Kısa Spor Patik Çorap,Erkek,145.49,https://cdn.dsmcdn.com/mnresize/400/-/ty1906/prod/QC_ENRICHMENT/20260503/14/03c06b00-3db3-3fd2-b275-c01fe6f20629/1_org_zoom.jpg
KMF130 İyonizerli 130W Soğuk Buharlı Vantilatör,Elektronik,7649.1,https://cdn.dsmcdn.com/mnresize/400/-/ty1914/prod/QC_PREP/20260520/15/c7f78132-727d-38ff-8e87-d7cecedda537/1_org_zoom.jpg
KAC100 100W 25L Evaporatif Hava Soğutucu,Elektronik,8099.1,https://cdn.dsmcdn.com/mnresize/400/-/ty1939/prod/QC_PREP/20260520/15/29cb4541-1f18-3e9a-9451-a7fa5684eee7/1_org_zoom.jpg
KAC160 160W 45L Evaporatif Hava Soğutucu,Elektronik,11969.1,https://cdn.dsmcdn.com/mnresize/400/-/ty1926/prod/QC_PREP/20260521/09/5db717fc-d8fb-38d3-bcf5-6acfe1010e8b/1_org_zoom.jpg
300 ml Ulrasonik Ledli Hava Nemlendirici Buhar Makinesi Ve Aroma Difüzörü,Elektronik,92.49,https://cdn.dsmcdn.com/mnresize/400/-/ty1926/prod/QC_ENRICHMENT/20260513/17/74a42523-103e-32fc-9418-fc439076075b/1_org_zoom.jpg
BXA0079 - XB7150 Marathon Daily Toz Torbasız Süpürge + HD7301/00 Cam Demlikli Çay Makinesi,Elektronik,10963.91,https://cdn.dsmcdn.com/mnresize/400/-/ty1859/prod/QC_PREP/20260422/11/7cd9fa37-e674-3c81-a023-62897288e5e6/1_org_zoom.jpg
"Office365 Premium 5 Cihaz Kullanım - Bilgisayar, Ipad, Tablet, MacOS, Android, Ios, Macbook",Elektronik,53.0,https://cdn.dsmcdn.com/mnresize/400/-/ty1908/prod/QC_ENRICHMENT/20260519/19/1e48b70c-0743-3cee-8433-33f9b5142c05/1_org_zoom.jpg
5000 Serisi Hr2695/01 1200 W Blender Seti,Elektronik,3821.02,https://cdn.dsmcdn.com/mnresize/400/-/ty1891/prod/QC_ENRICHMENT/20260506/09/827601e2-0aed-3c23-b39a-b17c0f3cae89/1_org_zoom.jpg
Büyük Boy Hy-510 (35GR) 1.93 W/m.k Termal Macun Cpu Soğutma Pastası Cpu Gpu Ps4 Ps3 Pc,Elektronik,71.15,https://cdn.dsmcdn.com/mnresize/400/-/ty1918/prod/QC_ENRICHMENT/20260608/14/d89333db-a1a1-34a6-a0e6-061f24cc7962/1_org_zoom.jpg
Meyveli Tasarım 3 Kademeli Sessiz Mini El Masa Fan Vantilatör Turbo Üfleme Kademe Taşınabilir Fan,Elektronik,124.99,https://cdn.dsmcdn.com/mnresize/400/-/ty1853/prod/QC_ENRICHMENT/20260405/19/c2219622-cbde-30aa-83d7-9a9fb94748db/1_org_zoom.jpg
Ultra microSDXC 128GB C10 UHS-1- SDSQUNR-128G-GN6MN,Elektronik,1129.55,https://cdn.dsmcdn.com/mnresize/400/-/ty1677/prod/QC/20250512/12/303f4f4f-e722-37ad-98ef-c18f09ee7afd/1_org_zoom.jpg
Thermochef XL Airfryer/Sıcak Hava Fritözü-Siyah,Elektronik,2049.0,https://cdn.dsmcdn.com/mnresize/400/-/ty1727/prod/QC_ENRICHMENT/20250814/09/470b76b9-856f-387d-8a55-be8b5b8374e4/1_org_zoom.jpg
"Usb Grişli Usb Çoklayıcı, Usb - 4 Usb Girişli Usb Çoğaltıcı, Usb Hub Usb 3.0 4-port Hub",Elektronik,170.35,https://cdn.dsmcdn.com/mnresize/400/-/ty1499/product/media/images/prod/QC/20240822/18/2ebe35a6-7a74-3fee-ba30-baa283d82666/1_org_zoom.jpg
MG3920/15 7'si 1 Arada All-in-One 3000 Serisi Erkek Bakım Seti,Elektronik,1583.01,https://cdn.dsmcdn.com/mnresize/400/-/ty1720/prod/QC_PREP/20250807/14/d62f4476-f704-39fe-9ae4-28246e6b8507/1_org_zoom.jpg
Windows11 Pro Dijital Lisans Anahtarı Key 32&64 Bit Ömür Boyu Fredoss Uyumlu,Elektronik,40.0,https://cdn.dsmcdn.com/mnresize/400/-/ty1941/prod/QC_PREP/20260524/08/4c47b05d-9b78-3ab3-91b8-8cbd4bf99b38/1_org_zoom.jpg
"Office365 Word Excel Powerpoint Üyeliği Süresiz Garantili Mac, Android, Pc",Elektronik,35.0,https://cdn.dsmcdn.com/mnresize/400/-/ty1919/prod/QC_PREP/20260502/15/c2dfe880-16a6-3744-b9ab-e8365d55ac2a/1_org_zoom.jpg
Acrobat Pro Dc 2021 Dijital Lisans Ömür Boyu Windows,Elektronik,29.75,https://cdn.dsmcdn.com/mnresize/400/-/ty1854/prod/QC_PREP/20260416/16/7ecad0c9-0243-3f4a-819f-a2af2ec2f0ee/1_org_zoom.jpg
Katlanabilir Turbo Üflemeli Boyun Askılı Fan 3 Güç Kademesi Dayanıklı Mini El Masa Fanı Vantilatör,Elektronik,309.99,https://cdn.dsmcdn.com/mnresize/400/-/ty1910/prod/QC_ENRICHMENT/20260505/18/8c4ba553-b147-3a51-8383-291217956a15/1_org_zoom.jpg
"5000 Serisi Buharlı Ütü, 2400W, 160 g Şok Buhar, SteamGlide Plus Taban, DST5010/10",Elektronik,1899.05,https://cdn.dsmcdn.com/mnresize/400/-/ty1624/prod/QC/20250113/11/f35914d6-711b-3474-aafb-f52a15278f65/1_org_zoom.jpg
S6500 Sleek Curl Saç Düzleştirici 6 Farklı Saç Düzleştirme,Elektronik,1880.01,https://cdn.dsmcdn.com/mnresize/400/-/ty1618/prod/QC/20241225/13/e60cd868-8761-36ca-a1b6-1b757830f4a9/1_org_zoom.jpg
Ördek Figürlü Tasarım 3 Kademeli Sessiz Mini El Masa Fan Vantilatör Turbo Üfleme Taşınabilir Fan,Elektronik,129.99,https://cdn.dsmcdn.com/mnresize/400/-/ty1921/prod/QC_ENRICHMENT/20260505/18/86a29445-a9ed-3aa5-9208-c3077f59f22c/1_org_zoom.jpg
Mini Fotoğraf Yazıcı Kablosuz Etiket Yazıcı Baskı Makinesi Ios Android Uyumlu Termal Printer,Elektronik,597.55,https://cdn.dsmcdn.com/mnresize/400/-/ty1859/prod/QC_ENRICHMENT/20260424/16/2d2530d3-9291-39a9-aaf5-ae93ec853216/1_org_zoom.jpg
Windows11 Pro Dijital Lisans Anahtarı Key - 32&64 Bit - Anında Teslim - Süresiz - Garantili,Elektronik,39.0,https://cdn.dsmcdn.com/mnresize/400/-/ty1920/prod/QC_ENRICHMENT/20260606/19/505f27c0-fbdb-3c20-b4d3-2ddc0a7877b7/1_org_zoom.jpg
Ultra Fluid Invisible Normal/Karma Ciltler için Ultra Akışkan SPF 50 Güneş Kremi 50 ml,Kozmetik,825.0,https://cdn.dsmcdn.com/mnresize/400/-/ty1000350/product/media/images/prod/PIM/20260312/15/2dfc9b2e-6f61-4496-a4a6-573d55c1542e/1_org_zoom.jpg
Cicalfate+ Hassas ve Yıpranmış Ciltler için Yatıştırıcı ve Onarıcı Bakım Kremi 40 ml,Kozmetik,563.35,https://cdn.dsmcdn.com/mnresize/400/-/ty1000075/product/media/images/prod/PIM/20260122/12/e17bbc2e-84fe-4630-9e15-e4f3612207bb/1_org_zoom.jpg
Stick Güneş Kremi SPF 50+ Hassas Bölgeler için Yüksek Koruma Sağlayan Güneş Koruyucu 8 gr,Kozmetik,459.7,https://cdn.dsmcdn.com/mnresize/400/-/ty1000329/product/media/images/prod/PIM/20260127/08/ac5fc9a0-ed3c-42d7-bfd9-c2f60aa58142/1_org_zoom.jpg
"Retinal (%0,1) Shot Corrector Booster Krem 20 ml | Niacinamide %5 Pantehnol %1 Matrixyl %3",Kozmetik,472.63,https://cdn.dsmcdn.com/mnresize/400/-/ty1820/prod/QC_ENRICHMENT/20260203/17/921d832b-2096-3c2b-aed9-b49f960601b7/1_org_zoom.jpg
"Nemlendirici ve Bariyer Onarıcı Yüz Temizleme Jeli 200 ml | Hyaluronik Asit , Seramid, Panthenol, | Tüm Ciltler için",Kozmetik,366.4,https://cdn.dsmcdn.com/mnresize/400/-/ty1779/prod/QC_ENRICHMENT/20251022/16/53b0cd98-0358-3902-bebb-d05abc0a7e35/1_org_zoom.jpg
Liora Kadın Parfüm Floral Edp 50 ml,Kozmetik,368.35,https://cdn.dsmcdn.com/mnresize/400/-/ty1770/prod/QC_ENRICHMENT/20251012/17/1fcf4275-74da-3aec-b2be-2d86d8315906/1_org_zoom.jpg
Biberiye Suyu 125ml % 100 Saf Saç Güçlendirici Biberiye Hidrosölü Ve Saç Toniği,Kozmetik,153.0,https://cdn.dsmcdn.com/mnresize/400/-/ty1000057/product/media/images/prod/PIM/20260117/06/bf3c2928-d9d1-471d-8830-dfda3d6efc7b/1_org_zoom.jpg
SİYAH- Suya Dayanıklı Çift Taraflı Eyeliner Damga Kalem Sağ Ve Sol Göz Uyumlu,Kozmetik,426.55,https://cdn.dsmcdn.com/mnresize/400/-/ty1912/prod/QC_ENRICHMENT/20260512/11/45d9b169-87ba-30b4-bcb6-9e3564382908/1_org_zoom.jpg
Gül Suyu 125ml Saf Gül Suyu Cilt Bakımı İçin,Kozmetik,199.75,https://cdn.dsmcdn.com/mnresize/400/-/ty1000058/product/media/images/prod/PIM/20260116/08/c5993ec9-de35-431b-bcf6-a893d26531aa/1_org_zoom.jpg
Her EDP 30 ml Kadın Parfüm,Kozmetik,2647.5,https://cdn.dsmcdn.com/mnresize/400/-/ty1922/prod/QC_ENRICHMENT/20260430/13/75f6e35a-b75c-3b95-aa7a-fb3ca05c01ff/1_org_zoom.jpg
"Tonik Ped, Yaşlanma Karşıtı, Arındırıcı, Gözenek Sıkılaştırıcı, C Vitamini, Hyaluronik Asit, 60 Adet",Kozmetik,299.9,https://cdn.dsmcdn.com/mnresize/400/-/ty1833/prod/QC_ENRICHMENT/20260303/16/57f16753-be41-37d5-a412-abbd13293f89/1_org_zoom.jpg
ARTIST TOUCH DUDAK KALEMİ 111,Kozmetik,141.97,https://cdn.dsmcdn.com/mnresize/400/-/ty1784/prod/QC_PREP/20251102/20/2b6ce8a7-d225-341a-bf13-ce32a9075ed5/1_org_zoom.jpg
"Güçlendirici, Besleyici Ve Onarıcı Saç Bakım Sütü Keratin & Biotin 200 ml",Kozmetik,249.99,https://cdn.dsmcdn.com/mnresize/400/-/ty1931/prod/QC_ENRICHMENT/20260606/18/af4ff5c1-93aa-3e07-ac66-293136bd8941/1_org_zoom.jpg
Temizleme Yağı - Çift Aşamalı Temizlik/ Atopia CLEANSING OIL 200 ML,Kozmetik,474.05,https://cdn.dsmcdn.com/mnresize/400/-/ty1647/prod/QC/20250313/09/d1a664c4-2fb4-3d3c-8399-11959c9c5072/1_org_zoom.jpg
Akneli Sivilceli ve Yağlı Ciltler İçin Bariyer Güçlendirici Nemlendirici Krem,Kozmetik,209.62,https://cdn.dsmcdn.com/mnresize/400/-/ty1000408/product/media/images/prod/PIM/20260608/09/bdcba041-39f4-4dbc-8d61-6e7abeb3aee7/1_org_zoom.jpg
"Göz Altı Kremi | Kırışıklık, Kararma, Kuruluk İçin Aydınlatıcı Nemlendirici Göz Çevresi Kremi 15 ml",Kozmetik,331.55,https://cdn.dsmcdn.com/mnresize/400/-/ty1637/prod/QC/20250212/11/55e86ceb-8e67-3d03-b6a9-5cf929e6bc47/1_org_zoom.jpg
Arındırıcı ve Aydınlatıcı Enzim Peeling Toz Temizleyici,Kozmetik,287.34,https://cdn.dsmcdn.com/mnresize/400/-/ty1000408/product/media/images/prod/PIM/20260608/09/ac3d57fc-a78a-4342-bbf1-e9c10eeae9f8/1_org_zoom.jpg
14 Parça Kavanoz Kutulu Makyaj Sünger Seti,Kozmetik,118.73,https://cdn.dsmcdn.com/mnresize/400/-/ty1750/prod/QC_PREP/20250907/03/90def3ac-1f3d-369d-bc0c-721d898fcef4/1_org_zoom.jpg
24k Altın Parçacıklı Arındırıcı Nemlendirici Gözenek Sıkılaştırıcı Yüz Temizleme Jeli 200 Ml,Kozmetik,329.86,https://cdn.dsmcdn.com/mnresize/400/-/ty1727/prod/QC_ENRICHMENT/20250814/18/108d5a46-3fc9-31a0-ab9e-34f0baff8df3/1_org_zoom.jpg
Kaş Kirpik Güçlendirici Serum 3ml – Su Bazlı Besleyici Dolgunlaştırıcı Vegan (%1 BİOTİN- %1 PEPTİT),Kozmetik,267.81,https://cdn.dsmcdn.com/mnresize/400/-/ty1834/prod/QC_ENRICHMENT/20260306/23/fcecac72-7643-39dd-907a-4d32321a5a32/1_org_zoom.jpg
"100lü Buz ve Dondurma Poşeti (5x33cm) Dondurucu Meyve Suyu Poşeti, Sızdırmaz Buz Tobası",Süpermarket,120.9,https://cdn.dsmcdn.com/mnresize/400/-/ty1933/prod/QC_PREP/20260525/16/1a052d15-1d03-3042-9484-fdee864437d4/1_org_zoom.jpg
Doğal Katkısız Ham Çam Balı 850 G - Soğuk Süzme (Yeni Sezon Ürünü),Süpermarket,791.78,https://cdn.dsmcdn.com/mnresize/400/-/ty1802/prod/QC_ENRICHMENT/20251221/22/93b0a260-e66e-3543-a126-5c821c9f1083/1_org_zoom.jpg
MANGO Çubuklu Oda Kokusu 100ml,Süpermarket,110.47,https://cdn.dsmcdn.com/mnresize/400/-/ty1763/prod/QC_ENRICHMENT/20250922/00/b70019b8-71b3-3d8a-8d78-07e080ffe909/1_org_zoom.jpg
"Saf Matcha - Pure Matcha, 25 gr",Süpermarket,306.0,https://cdn.dsmcdn.com/mnresize/400/-/ty1725/prod/QC_ENRICHMENT/20250815/22/811db42b-9fac-36aa-bed8-bc45f6694f65/1_org_zoom.jpg
"Doğal Kedi Uzaklaştırıcı Spreyi, Kedi Çiş Pedi Ve Tuvalet Alıştırma Eğitimi Seti, Kovucu, 150 ml",Süpermarket,497.0,https://cdn.dsmcdn.com/mnresize/400/-/ty1809/prod/QC_ENRICHMENT/20260111/22/6d212073-1a36-3305-9dbc-7dbdde4f067c/1_org_zoom.jpg
"Kilitli Meybuzz Poşeti 50 Adet Pratik 5,5x22 cm Ev Yapımı Dondurma ve Meyve Suyu Buz Torbası",Süpermarket,192.49,https://cdn.dsmcdn.com/mnresize/400/-/ty1774/prod/QC_PREP/20251015/09/d70e2b11-e513-337c-9f11-3f4ced56f8a5/1_org_zoom.jpg
Yeni Sezon 2025/2026 Tek Bahçeden Naturel Sızma Zetinyağı 2lt,Süpermarket,774.04,https://cdn.dsmcdn.com/mnresize/400/-/ty1809/prod/QC_ENRICHMENT/20260113/13/4bc2cc8e-5d24-3fdf-ac88-90213d72f09c/1_org_zoom.jpg
Fit 165 G,Süpermarket,102.46,https://cdn.dsmcdn.com/mnresize/400/-/ty1692/prod/QC_ENRICHMENT/20250617/10/87da4bc5-40d9-34a5-8636-7f240e8d1001/1_org_zoom.jpg
100 Adet Pratik Tazeliği Koruyan Tencere ve Tabak Bonesi | Çok Amaçlı Kapak Gıda Bonesi,Süpermarket,33.24,https://cdn.dsmcdn.com/mnresize/400/-/ty1856/prod/QC_ENRICHMENT/20260416/10/ed3df380-2f89-3a32-b1ec-db684946337a/1_org_zoom.jpg
Çubuklu Oda Kokusu BELLISIMA 100ml,Süpermarket,129.03,https://cdn.dsmcdn.com/mnresize/400/-/ty1763/prod/QC_ENRICHMENT/20250921/23/514c7f5b-0ccf-31e3-a71f-4409e9c15ac9/1_org_zoom.jpg
( 3 Adet ) Mikrofiber Yumuşak Dokulu Temizlik Bezi 30*30 Cm Mutfak Bezi Leke Tutmaz Koku Yapmaz,Süpermarket,46.54,https://cdn.dsmcdn.com/mnresize/400/-/ty1854/prod/QC_ENRICHMENT/20260417/11/bfa74b41-d62a-3356-b14e-66308e7b1878/1_org_zoom.jpg
Caralluma Ekstraktlı Bitki İçeren Detox Tozu (1 Aylık),Süpermarket,493.35,https://cdn.dsmcdn.com/mnresize/400/-/ty1820/prod/QC_PREP/20260130/16/e0081452-e604-37f4-958f-d6afa5142849/1_org_zoom.jpg
%100 Saf Ve Doğal Yüksek Biyoaktif Çift Hidrolize Kolajen Peptitler içeren Diyet Takviyesi(50günlük),Süpermarket,1749.99,https://cdn.dsmcdn.com/mnresize/400/-/ty1936/prod/QC_ENRICHMENT/20260608/15/3bba151b-06b1-31a2-aa78-4b25f6a05de3/1_org_zoom.jpg
2'li Set Kedi İç Dış Anti Parazit Tüm Kediler İçin Bitkisel 3 Damla Ve 2 Tablet Paketi,Süpermarket,179.2,https://cdn.dsmcdn.com/mnresize/400/-/ty1856/prod/QC_ENRICHMENT/20260413/02/d841e065-62db-32c8-8008-8ad30f31570e/1_org_zoom.jpg
Turna Yemişi (Cranberry) - 300g,Süpermarket,164.99,https://cdn.dsmcdn.com/mnresize/400/-/ty1372/product/media/images/prod/QC/20240620/11/de681484-5c4b-34a5-b1e2-82a0cfca2c6d/1_org_zoom.jpg
Tambol Çilekli Milföy Dolgulu 100 gr,Süpermarket,73.27,https://cdn.dsmcdn.com/mnresize/400/-/ty1685/prod/QC/20250525/20/2c9ac862-2c5b-3bfc-a7fc-13f75b16805e/1_org_zoom.jpg
Et Suyu Çorba Ton Balıklı Yet.Kedi 135ML DRSTR,Süpermarket,1660.12,https://cdn.dsmcdn.com/mnresize/400/-/ty1580/prod/QC/20241004/21/653af5dd-fbe3-338d-aa52-c4ff833a68d6/1_org_zoom.jpg
Gri Kare Kötü Koku Önleyici Gider Kapağı – Silikon Banyo Mutfak Balkon Lavabo Tıpası,Süpermarket,48.49,https://cdn.dsmcdn.com/mnresize/400/-/ty1917/prod/QC_ENRICHMENT/20260513/17/cf35b095-c730-39fd-8398-ed893c3355c6/1_org_zoom.jpg
Pirinç Fındık - 200g,Süpermarket,199.99,https://cdn.dsmcdn.com/mnresize/400/-/ty1547/product/media/images/ty1547/prod/QC/20240915/14/7250a237-d7ab-3500-b3e5-adca58a22736/1_org_zoom.jpg
Ege Teddy Kumaş Kestane Ahşap Ayak Istiflenebilir Mutfak-balkon Taburesi (4 ADET),Ev ve Mobilya,6990.0,https://cdn.dsmcdn.com/mnresize/400/-/ty1849/prod/QC_ENRICHMENT/20260403/22/cf8e72ee-0055-3967-956b-890c744a114b/1_org_zoom.jpg
2D Dekoratif Ahşap Anahtar Askılığı Modern Ve Şirin Görünümlü Anahtarlık (20 x 30 CM),Ev ve Mobilya,195.0,https://cdn.dsmcdn.com/mnresize/400/-/ty1781/prod/QC_PREP/20251028/14/8b0acde3-eb35-35a9-8a43-77162594c233/1_org_zoom.jpg
Zakkum 100 Cm %100 Mdf Lavabolu Banyo Dolabı,Ev ve Mobilya,8516.2,https://cdn.dsmcdn.com/mnresize/400/-/ty1932/prod/QC_ENRICHMENT/20260601/21/5f18ea09-c693-3e13-90cb-8b581eb56c86/1_org_zoom.jpg
Takı Kanca Rayı Organizer Askılık 10 Bölmeli Askılık 14 cm,Ev ve Mobilya,18.7,https://cdn.dsmcdn.com/mnresize/400/-/ty1615/prod/QC/20241220/21/ce2fd0b2-566d-3e59-90ef-ec3d6a774fa7/1_org_zoom.jpg
"Ocak Altı Aparatı, 60x53 Ankastre Ocak Tezgah Üstü Aparat Malzeme Ankockalt1",Ev ve Mobilya,250.25,https://cdn.dsmcdn.com/mnresize/400/-/ty1723/product/media/images/prod/PIM/20250813/08/c8c4d96e-920f-4f22-9109-22113d9b63b9/1_org_zoom.jpg
Regnar 3+3+1+1 Koltuk Takımı Krem,Ev ve Mobilya,43889.0,https://cdn.dsmcdn.com/mnresize/400/-/ty1783/prod/QC_PREP/20251031/17/185f454c-341f-3244-ba71-c4ea93d8acca/1_org_zoom.jpg
"Wc Çömelme Ayak Taburesi,(45X28CM)YÜKSEKLİK18 CMBasamak Taburesi, Tuvalet Taburesi, Klozet Ayaklığı",Ev ve Mobilya,324.66,https://cdn.dsmcdn.com/mnresize/400/-/ty1857/prod/QC_ENRICHMENT/20260424/21/e449b815-828e-33ce-9e64-618c2a494ff7/1_org_zoom.jpg
Konfeksiyon Askısı Ayaklı Askılık Elbise Askılığı Siyah,Ev ve Mobilya,450.0,https://cdn.dsmcdn.com/mnresize/400/-/ty441/product/media/images/20220528/18/117380230/489405661/1/1_org_zoom.jpg
Mini Kahve Köşesi Mutfak Tezgah Üstü Ahşap Organizer 3 Raflı Beyaz Banyo Mutfak Düzenleyici,Ev ve Mobilya,292.51,https://cdn.dsmcdn.com/mnresize/400/-/ty1805/prod/QC_ENRICHMENT/20251226/19/d0d54a09-c5b2-3c04-a468-e553f1e6610a/1_org_zoom.jpg
Erzak Dolabı 2 Kapak 180 Cm Beyaz,Ev ve Mobilya,6403.83,https://cdn.dsmcdn.com/mnresize/400/-/ty1504/product/media/images/prod/QC/20240827/09/d212fc4d-8614-3bcc-ad57-5643640d58e5/1_org_zoom.jpg
"Banyo Dolabı, Çamaşır Sepeti Çekmeceli Çamaşır Ve Kurutma Makinesi Dolabı (CODE 02)",Ev ve Mobilya,4976.96,https://cdn.dsmcdn.com/mnresize/400/-/ty1922/prod/QC_ENRICHMENT/20260520/11/4f112861-2b36-3256-87be-fa1da6e474ae/1_org_zoom.jpg
Work Katlanabilir Pratik Çalışma Masası Bilgisayar Masası Çizim Masası 50x80 Cm,Ev ve Mobilya,1309.04,https://cdn.dsmcdn.com/mnresize/400/-/ty1905/prod/QC_ENRICHMENT/20260505/07/93297984-12f5-3631-9e4d-18a75c177475/1_org_zoom.jpg
"Gnr 70x110cm Sabit Beyaz Mutfak Masası Takımı, Yemek Masası, 4 Modern Gri Sandalye",Ev ve Mobilya,5999.9,https://cdn.dsmcdn.com/mnresize/400/-/ty1749/prod/QC_PREP/20250908/00/15b75b6b-9d9e-36af-80f3-10eaad071134/1_org_zoom.jpg
PUFLY Peluş Çok Amaçlı Dekoratif Puf koltuk Dekoratif Puf Ayaklı Krem Puf,Ev ve Mobilya,459.9,https://cdn.dsmcdn.com/mnresize/400/-/ty1943/prod/QC_PREP/20260603/18/b8660c99-c081-3f09-bacc-38c78e01f2fd/1_org_zoom.jpg
Hasır 3'Lü Saksı Set HSR112 - Doğal Hasır Ağızlı Silindir Poşetli Saksılık,Ev ve Mobilya,349.5,https://cdn.dsmcdn.com/mnresize/400/-/ty1942/prod/QC_ENRICHMENT/20260522/07/9dca5b74-d7a7-3056-bad9-d56dfa366f0e/1_org_zoom.jpg
4 Adet Renkli Kumaş Ahtapot Tabure Mutfak Taburesi Demir Tabure(MONTAJLI GÖNDERİM),Ev ve Mobilya,1641.68,https://cdn.dsmcdn.com/mnresize/400/-/ty1436/product/media/images/prod/QC/20240722/08/6881095d-e28c-392b-be1a-9ff9d554f2d5/1_org_zoom.jpg
DEKORATİF (5 ÇITALI) MASİF AHŞAP PLASTİK AYAKKABILIK 4 KATLI (MDF DEĞİLDİR.mdf kolay kırılır !!!),Ev ve Mobilya,289.0,https://cdn.dsmcdn.com/mnresize/400/-/ty1915/prod/QC_PREP/20260512/11/5722c8e5-4955-363e-b10c-0929546300c4/1_org_zoom.jpg
"(135*135)Armut Salıncak Tek Kişilik Makrome Ip Örgü Bahçe Balkon Ev Salıncağı,GRİ",Ev ve Mobilya,6322.37,https://cdn.dsmcdn.com/mnresize/400/-/ty1552/product/media/images/ty1552/prod/QC/20240917/10/83f53762-d893-3601-b459-a7214ccfd4dd/1_org_zoom.jpg
Orkide Kirli Çamaşır Sepetli 2 Kapaklı Çok Amaçlı Dolap,Ev ve Mobilya,2896.07,https://cdn.dsmcdn.com/mnresize/400/-/ty1617/prod/QC/20241230/17/5556fd46-4850-305b-9527-8504968ff7b7/1_org_zoom.jpg
Novion Oval Antre Askılığı Duvar Rafı ve Anahtarlık 60 cm Modern Hol Rafı 3 Askılı Beyaz NOV2-W,Ev ve Mobilya,499.9,https://cdn.dsmcdn.com/mnresize/400/-/ty1930/prod/QC_ENRICHMENT/20260429/17/00947827-5033-396b-96d0-58b224a1e496/1_org_zoom.jpg
Direk Musluğa Bağlanan - Kendinden Musluklu-Taşınabilen - Tezah Üstü Su Arıtma Cihazı,Bahçe & Yapı Market,3482.3,https://cdn.dsmcdn.com/mnresize/400/-/ty1912/prod/QC_ENRICHMENT/20260526/10/64da1e12-b118-367c-8cd3-f2f32163f8f7/1_org_zoom.jpg
A Tipi Çift Sürgülü Merdiven 5.40 Metre | 4x10 Basamaklı | Dayanıklı & Pratik,Bahçe & Yapı Market,21250.0,https://cdn.dsmcdn.com/mnresize/400/-/ty1812/prod/QC_ENRICHMENT/20260117/18/8b939b01-e637-32ef-bff3-171e7829ad13/1_org_zoom.jpg
7li Tornavida Seti,Bahçe & Yapı Market,1691.0,https://cdn.dsmcdn.com/mnresize/400/-/ty1798/prod/QC_PREP/20251214/15/a43b7178-286a-3f91-86b0-3933d934a3c5/1_org_zoom.jpg
Ultra Shield Self Levelling (Son Kat) Epoksi Zemin Sistemi,Bahçe & Yapı Market,7559.1,https://cdn.dsmcdn.com/mnresize/400/-/ty1840/prod/QC_PREP/20260318/08/59111513-c8db-3aba-bd8d-11f8e2aad4cf/1_org_zoom.jpg
SİYAH Mıknatıslı Metal Kapı Stoperi Akılı Kapı Tamponu Yapışkanlı Kapı Stoperi Vidalı Kapı Stoperi,Bahçe & Yapı Market,121.11,https://cdn.dsmcdn.com/mnresize/400/-/ty1811/prod/QC_ENRICHMENT/20260114/16/a2e628ff-a8b0-394c-80b2-101c4286e8d6/1_org_zoom.jpg
Sineklik Kendinden Yapışkanlı 100x150 Cm Ölçülü Pencere Sineklik 5 Metre Bant Hediyeli,Bahçe & Yapı Market,48.5,https://cdn.dsmcdn.com/mnresize/400/-/ty411/product/media/images/20220427/23/99464347/460564135/1/1_org_zoom.jpg
HAVYA SEHPASI (4352),Bahçe & Yapı Market,189.0,https://cdn.dsmcdn.com/mnresize/400/-/ty1129/product/media/images/prod/SPM/PIM/20240110/02/0eca268b-edf3-3572-82a5-68c141e8fdc9/1_org_zoom.jpg
Parmak Izi Okuyucu Ücretsiz Maaş Ve Mesai Yazılımı Dahil Personel Takip 5 Kart Hediye Op-p1000,Bahçe & Yapı Market,4999.0,https://cdn.dsmcdn.com/mnresize/400/-/ty1321/product/media/images/prod/SPM/PIM/20240422/09/81c1819e-ed81-3f66-88c0-6e8dd2c69929/1_org_zoom.jpg
6'lı Rüzgar Önleyici Raylı Pencere Tutucu - Güvenli Havalandırma ve Kapı Sabitleme Aparatı,Bahçe & Yapı Market,146.5,https://cdn.dsmcdn.com/mnresize/400/-/ty1850/prod/QC_ENRICHMENT/20260404/23/699c7d9e-8bec-3011-8490-bc19d54ed02d/1_org_zoom.jpg
Sanitary Duşkabin Silikonu (24 x 410ml),Bahçe & Yapı Market,3600.0,https://cdn.dsmcdn.com/mnresize/400/-/ty1900/prod/QC_PREP/20260604/15/622399f6-9b15-3738-bd84-a9da0a482f4c/1_org_zoom.jpg
Kablosuz Kumandalı Kapı Zili Led Işıklı 60 Melodi 300 Metre Mesafe Ev Ofis Depo,Bahçe & Yapı Market,441.45,https://cdn.dsmcdn.com/mnresize/400/-/ty1785/prod/QC_ENRICHMENT/20251107/13/0dea1f27-3d38-3f95-b7d2-410ede79a800/1_org_zoom.jpg
Yapışkanlı 3D Esnek Sünger Duvar Kaplama Kağıdı Paneli Salon Ofis Ev Tv Arkası 1 Adet 70x35cm NW149,Bahçe & Yapı Market,33.3,https://cdn.dsmcdn.com/mnresize/400/-/ty1617/prod/QC/20241227/10/992bed1b-11d9-34d4-8a88-f50287f9792c/1_org_zoom.jpg
duvar panali 60x275 teak rengi,Bahçe & Yapı Market,737.94,https://cdn.dsmcdn.com/mnresize/400/-/ty1902/prod/QC_ENRICHMENT/20260514/00/afdac558-23ca-3a10-9a54-54c3f8d6e0db/1_org_zoom.jpg
Güçlü (350 KG' A KADAR AĞILIK TAŞIR) Ve Hızlı Kuruyan Ultra Tack Beyaz Silikon 290 ml,Bahçe & Yapı Market,199.95,https://cdn.dsmcdn.com/mnresize/400/-/ty1739/prod/QC_PREP/20250828/17/2828342b-0cce-3129-a44d-eaa9ffbaa312/1_org_zoom.jpg
1 Adet Silikon Musluk Uzatma | Sıçramayı Önler,Bahçe & Yapı Market,5.15,https://cdn.dsmcdn.com/mnresize/400/-/ty1590/prod/QC/20241023/17/d48bf651-c56b-30b3-9cbd-be118b118605/1_org_zoom.jpg
MAKARALI UZATMA KABLOSU 3x2.5 20 METRE,Bahçe & Yapı Market,655.48,https://cdn.dsmcdn.com/mnresize/400/-/ty1940/prod/QC_ENRICHMENT/20260504/15/2473e7a3-d880-3eb3-9f51-6b41813541ac/1_org_zoom.jpg
Banyo Balkon Gider Kapağı Süzgeci,Bahçe & Yapı Market,33.24,https://cdn.dsmcdn.com/mnresize/400/-/ty1511/product/media/images/prod/QC/20240828/16/4fd59008-1f74-3a85-abf1-e70ceb6fd650/1_org_zoom.jpg
Mdf Cnc Işlemeli Dekoratif Boyanabilir Duvar Paneli(102X54CM) (6MM) Düz,Bahçe & Yapı Market,199.4,https://cdn.dsmcdn.com/mnresize/400/-/ty1801/prod/QC_ENRICHMENT/20251219/16/23e95086-a0a1-3e39-a2d7-d8e972bc770a/1_org_zoom.jpg
"1 ADET Pencere, Kapı Stoperi Pencere Stoperi-Kapı Stoperi-Pencere, Kapı Durdurucu.",Bahçe & Yapı Market,74.24,https://cdn.dsmcdn.com/mnresize/400/-/ty1934/prod/QC_ENRICHMENT/20260607/21/8bf96c80-9ef1-3abf-90b1-361c1a309a3e/1_org_zoom.jpg
Menteşe Frenli Pistonlu Yavaş Kapanan Tabanı Çıkan Menteşe Dolap Kapak Menteşesi - Düz Menteşe,Bahçe & Yapı Market,53.09,https://cdn.dsmcdn.com/mnresize/400/-/ty1805/prod/QC_ENRICHMENT/20251227/15/faaad1b1-1a62-3598-88b8-cc42c263b119/1_org_zoom.jpg
"Çift Taraflı Yapışkan Hayal Tela-örümcek Tela-dikiş Telası 1,5cm 100 Metre",Bahçe & Yapı Market,173.46,https://cdn.dsmcdn.com/mnresize/400/-/ty1702/prod/QC_ENRICHMENT/20250628/16/5991fd83-f49c-3ae8-bfcb-c8d176280612/1_org_zoom.jpg
Etiket ve Barkod Sökücü Sprey 200 ml,Bahçe & Yapı Market,132.3,https://cdn.dsmcdn.com/mnresize/400/-/ty1752/prod/QC_PREP/20250915/11/662d22dc-1f62-3dc8-ae93-2ab901a5c026/1_org_zoom.jpg
Paça Telası -çift Taraflı Yapışkan Tela 10 Mt - Eni 2cm Ütüyle Yapışan (KAĞITLI),Kırtasiye Ofis Malzemeleri,45.8,https://cdn.dsmcdn.com/mnresize/400/-/ty1839/prod/QC_ENRICHMENT/20260318/17/76f0af95-fe64-3c9a-9cb1-06d6477ac3e9/1_org_zoom.jpg
"Arc 105 Ultra Şeffaf Hobi, Takı, Tepsi Dökümü, Bardak Altlığı Ve Kaplama İçin Epoksi Reçine 3 Kg Set",Kırtasiye Ofis Malzemeleri,1225.0,https://cdn.dsmcdn.com/mnresize/400/-/ty1933/prod/QC_ENRICHMENT/20260525/08/8b34e1de-8f7e-34d3-865b-2bce8d888be6/1_org_zoom.jpg
"100 Adet Renkli Şönil Seti – Fuşya,Şeker Pembe, Pastel Pembe ve Ordu Yeşili",Kırtasiye Ofis Malzemeleri,180.32,https://cdn.dsmcdn.com/mnresize/400/-/ty1853/prod/QC_ENRICHMENT/20260410/19/4e56edc9-5a91-31fe-bbc9-8eb60295ee94/1_org_zoom.jpg
"Pembe Kaşe (öğretmen, Hemşire, Isim Kaşesi)( 910 - 1 Cmx2,5cm Mavi Ve Siyah Mürekkepli)",Kırtasiye Ofis Malzemeleri,176.7,https://cdn.dsmcdn.com/mnresize/400/-/ty1583/prod/QC/20241010/20/22368efe-64b5-3fdc-85e0-f1316f2b9615/1_org_zoom.jpg
"10 Adet 3ml (6 renk) Akrilik Boya Seti, Etkinlik, Workshop",Kırtasiye Ofis Malzemeleri,198.55,https://cdn.dsmcdn.com/mnresize/400/-/ty1894/prod/QC_PREP/20260507/23/ded5ff15-35aa-3a03-a74d-51613ae43bf8/1_org_zoom.jpg
Beyaz Seramik Kil Hamuru 250 gr,Kırtasiye Ofis Malzemeleri,23.16,https://cdn.dsmcdn.com/mnresize/400/-/ty1593/prod/QC/20241029/03/c7324933-a83b-3c7c-8f1e-6f77a9b73bf6/1_org_zoom.jpg
230 L A4 Laminasyon Makinesi ve 40 Adet Laminasyon Filmi,Kırtasiye Ofis Malzemeleri,1209.0,https://cdn.dsmcdn.com/mnresize/400/-/ty1820/prod/QC_PREP/20260202/08/e246334a-c801-3ee4-9413-bf40f4f83554/1_org_zoom.jpg
Küçük Lale Demeti ( Model 2 ) Kokulu Taş Mum Sabun & Epoksi Silikon Kalıp,Kırtasiye Ofis Malzemeleri,111.43,https://cdn.dsmcdn.com/mnresize/400/-/ty1861/prod/QC_ENRICHMENT/20260426/21/6623f7f1-1d0c-3d9b-8372-66c6fdda3c6e/1_org_zoom.jpg
Premium Taş Tozu - Hızlı Donan Profesyonel Taş Tozu - Mumluk Döküm Beton Harcı - Hobi Harcı 5 Kg,Kırtasiye Ofis Malzemeleri,279.0,https://cdn.dsmcdn.com/mnresize/400/-/ty1827/prod/QC_ENRICHMENT/20260219/11/1f271f67-1cfe-3d73-b402-f54d160c8fd4/1_org_zoom.jpg
"Telefon Tutucu Tavşan Tasarımlı Masaüstü Telefon Standı, Kadınlara Özel Telefon Tutacağı",Kırtasiye Ofis Malzemeleri,195.99,https://cdn.dsmcdn.com/mnresize/400/-/ty1809/prod/QC_PREP/20260113/19/b1ae7f73-be29-3295-a060-acd022ee0e52/1_org_zoom.jpg
"15 Adet Taş Figür Boyama Seti- Kendin Yap, Doğum Günü Hediyesi, Etkinlik, Tatil Hediyesi",Kırtasiye Ofis Malzemeleri,560.5,https://cdn.dsmcdn.com/mnresize/400/-/ty1813/prod/QC_ENRICHMENT/20260121/03/1e2e4c06-79c8-3369-ba5c-084c4438f31a/1_org_zoom.jpg
100 Adet Sticker Seti - Kalem Laptop Defter Suluk Etiketi,Kırtasiye Ofis Malzemeleri,93.57,https://cdn.dsmcdn.com/mnresize/400/-/ty1680/prod/QC/20250522/13/b804866b-d573-3c29-950b-78bfc761e5d6/1_org_zoom.jpg
Boss Original Fosforlu İşaretleme Kalemi 6 Renk Set,Kırtasiye Ofis Malzemeleri,389.0,https://cdn.dsmcdn.com/mnresize/400/-/ty1841/prod/QC_ENRICHMENT/20260318/16/a97be002-fd70-303b-ad05-a6d073d925cc/1_org_zoom.jpg
Orman Temalı Mini Yapraklar Silikon Kalıp,Kırtasiye Ofis Malzemeleri,105.45,https://cdn.dsmcdn.com/mnresize/400/-/ty1862/prod/QC_ENRICHMENT/20260427/19/1cf3615b-eb7f-303f-aa22-dadc539352e0/1_org_zoom.jpg
KÜÇÜK BOY AHŞAP FÜLÜT (20 CM 6 DELİK),Hobi,260.4,https://cdn.dsmcdn.com/mnresize/400/-/ty1806/prod/QC_PREP/20260106/19/12736f21-2c06-3ea2-ac22-22670ea069c6/1_org_zoom.jpg
Işıklı Klavye-Click Sesli Stres Giderici Anahtarlık-KARIŞIK RENK,Hobi,280.08,https://cdn.dsmcdn.com/mnresize/400/-/ty1831/prod/QC_ENRICHMENT/20260301/17/67e841f9-e71c-3db6-ba4f-7ea92f93ef2e/1_org_zoom.jpg
Kumandalı 16 Renk Gün Batımı Renkli Gökkuşağı Projeksiyon Lambası Fotoğraf Çekimi Usb Led Işık,Hobi,296.9,https://cdn.dsmcdn.com/mnresize/400/-/ty1794/prod/QC_ENRICHMENT/20251202/09/c58dbfc0-2de5-33fc-aa05-509e081ab5dd/1_org_zoom.jpg
Ace-360 Dijital Bateri Elektronik Davul Hi-hat pedallı,Hobi,40499.1,https://cdn.dsmcdn.com/mnresize/400/-/ty1796/prod/QC_PREP/20251204/11/74fc0103-3d45-3c7d-8976-76f0900dbe45/1_org_zoom.jpg
Mutfak Dolabı Tezgah Üstü İçin 5 Metre Gün Işığı 12v Adaptörlü Aç Kapa Anahtarlı Şerit Led Işık,Hobi,323.91,https://cdn.dsmcdn.com/mnresize/400/-/ty1849/prod/QC_ENRICHMENT/20260403/23/7a8056ab-fa5e-39ac-981c-c647945a37ea/1_org_zoom.jpg
Leopar Desen Katlanabilir Çantalı Yuvarlak Yelpaze (21*21),Hobi,153.94,https://cdn.dsmcdn.com/mnresize/400/-/ty1919/prod/QC_ENRICHMENT/20260518/18/d9a10adc-459a-3d0f-b684-12e93e2b85ae/1_org_zoom.jpg
PLEKSİ DARBUKA,Hobi,1698.0,https://cdn.dsmcdn.com/mnresize/400/-/ty1913/prod/QC_PREP/20260523/18/d9d202ac-7eab-38dd-b62e-d26311a4df24/1_org_zoom.jpg
Nostalgia Mn-101 Pikap Fil Dişi Usb+rca+bluetooth Destekli Müzik Kutusu,Hobi,2999.0,https://cdn.dsmcdn.com/mnresize/400/-/ty1802/prod/QC_ENRICHMENT/20251216/15/f58148db-3fc9-34ce-9ff2-b3742a37a7e0/1_org_zoom.jpg
Pembe Desen Katlanabilir Yuvarlak Yazlık Taşınabilir El Yelpazesi,Hobi,192.0,https://cdn.dsmcdn.com/mnresize/400/-/ty1913/prod/QC_PREP/20260520/20/7c3e0446-5306-3166-b3bd-b33969d10ba4/1_org_zoom.jpg
1000 Parça Puzzle - Starry Night (YILDIZLI GECE),Hobi,260.0,https://cdn.dsmcdn.com/mnresize/400/-/ty1794/prod/QC_ENRICHMENT/20251202/17/255c4d10-4a21-32c9-ab20-2bb38bbf15c1/1_org_zoom.jpg
20'li 200Cc Kübik Prizma Mika Magnolya Kase Plastik Tatlı Sunum Kabı Dondurma Puding Meze Salata Cup,Hobi,174.5,https://cdn.dsmcdn.com/mnresize/400/-/ty1920/prod/QC_ENRICHMENT/20260526/21/6c246ab1-9033-3389-a3ec-61d3fd0cda39/1_org_zoom.jpg
Bahşiş Kutusu Tip Box %100 MDF Beyaz Renk Tip Box Yazılı,Hobi,949.05,https://cdn.dsmcdn.com/mnresize/400/-/ty1904/prod/QC_PREP/20260609/22/bed632c5-4495-3b94-b74f-080469c2384f/1_org_zoom.jpg
OBLİVİON Çekmeceli Tesbih Kutusu 3 Katlı Tespih Kutusu,Hobi,1238.59,https://cdn.dsmcdn.com/mnresize/400/-/ty1750/prod/QC_ENRICHMENT/20250905/15/217b70c1-2e3e-39b6-ad87-760c9952539c/1_org_zoom.jpg
Kumbara Sevimli Kedi Tasarım Şık Tasarım Dekoratif Obje,Hobi,182.15,https://cdn.dsmcdn.com/mnresize/400/-/ty1903/prod/QC_PREP/20260518/22/2af25c20-0f4a-3a92-a90b-6d9c9b02c841/1_org_zoom.jpg
Kanatlı Melek Kalp Figürlü Hediyelik Kar Küresi Çok Renkli LED Işıklı Kalp Desenli Pembe,Hobi,199.99,https://cdn.dsmcdn.com/mnresize/400/-/ty1892/prod/QC_PREP/20260430/10/bc331d46-5ac4-39eb-98b0-edf1322564ce/1_org_zoom.jpg
20 Adet 3cm Fotoğraflı Bekarlığa Veda Eğlenceli Parti Aksesuarı Duvak Süsü Duvak Dahil Değildir,Hobi,199.0,https://cdn.dsmcdn.com/mnresize/400/-/ty1724/prod/QC_ENRICHMENT/20250810/01/52acfb18-d31c-3ffb-bbdd-b7feb499745d/1_org_zoom.jpg
"Hareket Sensörlü 16 Led 400mah Şarjlı 2 Renk Beyaz Ve Gün Işığı Led Auto Dolap Içi, Koridor Type-c.",Hobi,119.73,https://cdn.dsmcdn.com/mnresize/400/-/ty1679/prod/QC/20250516/09/1aecd017-72fa-3110-847e-1ec39d172c81/1_org_zoom.jpg
Kişiye Özel Gri Ahşap Çerçeveli Aile İsmi ve Kapı Numarası Tabelası – Dekoratif Kapı Süsü,Hobi,415.2,https://cdn.dsmcdn.com/mnresize/400/-/ty1930/prod/QC_ENRICHMENT/20260508/13/e54a1cc6-1bc3-33a8-a2a6-3088011e53bd/1_org_zoom.jpg
Minecraft Manyetik Küp Bloklar 108 Parça Temalı Yapı Seti 3 Boyutlu Renkli Mıknatıslı | Eğitici Zeka Geliştirici Oyuncak,Oyuncak,1430.36,https://cdn.dsmcdn.com/mnresize/400/-/ty1903/prod/QC_ENRICHMENT/20260528/14/3de993a8-739a-3a17-9815-782c2cc092ee/1_org_zoom.jpg
Başlangıç Seviye Yüzme Kolluk,Oyuncak,1499.99,https://cdn.dsmcdn.com/mnresize/400/-/ty1829/prod/QC_ENRICHMENT/20260218/15/6396b613-ace2-33f0-a29b-f1e9f230bfec/1_org_zoom.jpg
Go Magnetic Series 72 Parça Manyetik Yapı Blokları Original - Mıknatıslı Manyetik Bloklar,Oyuncak,1984.0,https://cdn.dsmcdn.com/mnresize/400/-/ty1000388/product/media/images/prod/PIM/20260417/06/199e148e-a776-48e6-963e-bef3603d28f4/1_org_zoom.jpg
Tarihi Zeka Ve Strateji Oyunu (manqala) Plastik,Oyuncak,46.56,https://cdn.dsmcdn.com/mnresize/400/-/ty1891/prod/QC_ENRICHMENT/20260510/16/4244cc8d-049f-3f9d-9918-fa2a1b403db5/1_org_zoom.jpg
Frogg Denge Oyunu - Eğitici ve Öğretici 2 Kişilik Eğlenceli Oyun,Oyuncak,74.0,https://cdn.dsmcdn.com/mnresize/400/-/ty1927/prod/QC_PREP/20260501/13/58a19560-3362-314d-891b-6adc1aef474f/1_org_zoom.jpg
"Şarjlı Işıklı Nişancı Ateş Efekli Su Tabancası Led ışıklı Şarşörlü 46,5 cm",Oyuncak,607.49,https://cdn.dsmcdn.com/mnresize/400/-/ty1854/prod/QC_PREP/20260417/15/844619d9-94d4-3355-90db-2dc43d980387/1_org_zoom.jpg
Nefes Alan Peluş Uyku Arkadaşı Stitch Mavi Renk,Oyuncak,782.2,https://cdn.dsmcdn.com/mnresize/400/-/ty1859/prod/QC_PREP/20260419/20/5d245875-8b15-3ca5-9782-5d8fe146bed7/1_org_zoom.jpg
Akar Oyuncak BLADE 12 Volt Uzaktan Kumandalı Akülü SUV Çocuk Arabası,Oyuncak,12308.05,https://cdn.dsmcdn.com/mnresize/400/-/ty1768/prod/QC_PREP/20251004/12/8be90a0e-9716-31f6-8397-e0b50ecefe36/1_org_zoom.jpg
Test Zeka Oyunu Oyuncağı,Oyuncak,20.54,https://cdn.dsmcdn.com/mnresize/400/-/ty1521/product/media/images/prod/QC/20240904/10/23d16d2d-56b7-36ca-ae99-703333d2d0df/1_org_zoom.jpg
Go Track Turuncu Renk Esnek Yarış-Aksiyon Pisti 4.5 Mt - Flex track,Oyuncak,299.2,https://cdn.dsmcdn.com/mnresize/400/-/ty1835/prod/QC_PREP/20260306/16/176aebc5-c413-3fe8-9a05-5046b857a21c/1_org_zoom.jpg
Çocuklar Için Atlama Zıplama Oyuncağı Boy Uzatıcı Eğitici Fiziksel Ve Zihinsel Geliştirici Spor Oyun,Oyuncak,188.0,https://cdn.dsmcdn.com/mnresize/400/-/ty1855/prod/QC_ENRICHMENT/20260416/10/86938839-dea0-35e9-b9f5-cd19945beabe/1_org_zoom.jpg
Taş Kağıt Makas Basmalı Mini Oyun Süs Karışık Renk 1 Adet (Mavi-Mint-Lila-Pembe-Siyah),Oyuncak,34.65,https://cdn.dsmcdn.com/mnresize/400/-/ty1939/prod/QC_PREP/20260428/13/9a4dceff-6b46-3884-ba8a-2682c088b19d/1_org_zoom.jpg
"Dedektif Oyunu, 7 Dava Tek Paket, Dedektiflik Oyunu, Kutu Oyunları, Cinayet Oyunu, Katili Bulma Oyun",Oyuncak,496.22,https://cdn.dsmcdn.com/mnresize/400/-/ty1792/prod/QC_PREP/20251126/14/4a1a0d40-a9bf-319e-b1c3-92e015eaa7bd/1_org_zoom.jpg
Turtle Splash Su Çantası 1400ML - Su Tabancası Çantalı Oyuncak,Oyuncak,636.0,https://cdn.dsmcdn.com/mnresize/400/-/ty1942/prod/QC_PREP/20260515/15/b84626a3-9d06-390d-b1d5-451aee9e0f1d/1_org_zoom.jpg
"1 Adet Mini Taş-kağıt-makas Oyunu Anahtarlık,parmak Oyuncağı,parti Hediye,stres Giderici Hediye",Oyuncak,39.5,https://cdn.dsmcdn.com/mnresize/400/-/ty1928/prod/QC_ENRICHMENT/20260510/16/daca6a0a-bcdc-332f-8b09-eab2c578cc5e/1_org_zoom.jpg
Go Magnetic Series 26 Parça Yapı Tasarım Eklentisi - Mıknatıslı Manyetik Bloklar,Oyuncak,996.0,https://cdn.dsmcdn.com/mnresize/400/-/ty1856/prod/QC_PREP/20260417/10/080cdf77-a292-3644-b455-f3a138ee5502/1_org_zoom.jpg
Hafıza Eşleme Oyunu - Eğitici ve Öğretici Hafıza Güçlendiren Oyun,Oyuncak,74.0,https://cdn.dsmcdn.com/mnresize/400/-/ty1942/prod/QC_PREP/20260519/23/6213682d-bcae-3875-9748-df04f0c77fc0/1_org_zoom.jpg
Mini Baloncuk Yapan Köpük Oyuncak (10 Adet),Oyuncak,172.8,https://cdn.dsmcdn.com/mnresize/400/-/ty1912/prod/QC_PREP/20260510/19/2df9ad71-150b-3e72-8840-16ffea385337/1_org_zoom.jpg
Stones Manyetik Taş Oyunu – Çocuklar ve Yetişkinler için 24 Parça Manyetik Satranç Seti,Oyuncak,815.79,https://cdn.dsmcdn.com/mnresize/400/-/ty1772/prod/QC_PREP/20251013/15/accdbf85-a07e-3a32-a174-b070042543c7/1_org_zoom.jpg
T212-M Katlanabilir LED Işıklı Scooter | Ayarlanabilir Yükseklik | Arka Fren | 3 Tekerlek | 3+ Yaş,Oyuncak,895.3,https://cdn.dsmcdn.com/mnresize/400/-/ty1815/prod/QC_ENRICHMENT/20260128/14/a8302af9-ad4a-3c27-82a2-52ae8ef3ae94/1_org_zoom.jpg
Stres Küpü - Sonsuzluk Küpü (İnfinty Cube) Eğitici Oyuncak (Karışık Renkler ve Taraftar Renkler) L boy,Oyuncak,39.6,https://cdn.dsmcdn.com/mnresize/400/-/ty1845/prod/QC_PREP/20260328/17/a9774e45-5acf-3a84-8aef-7be1a5570413/1_org_zoom.jpg
Go Magnetic Series 36 Parça Manyetik Yapı Blokları Original - Mıknatıslı Manyetik Bloklar,Oyuncak,1276.0,https://cdn.dsmcdn.com/mnresize/400/-/ty1000388/product/media/images/prod/PIM/20260417/06/2d59353f-a99f-4514-b5a3-4451763458f7/1_org_zoom.jpg
Go Magnetic Series 2 Adet Araba Eklentisi Manyetik Oyuncak - Mıknatıslı Manyetik Bloklar,Oyuncak,344.0,https://cdn.dsmcdn.com/mnresize/400/-/ty1000389/product/media/images/prod/PIM/20260417/06/10a07daf-0d4b-4394-9e25-5c4287910c1a/1_org_zoom.jpg
Go Track Mavi Renk Esnek Yarış-Aksiyon Pisti 4.5 Mt - Flex track,Oyuncak,348.0,https://cdn.dsmcdn.com/mnresize/400/-/ty1829/prod/QC_PREP/20260219/22/7a0577d0-2537-3975-86db-ae4fc92191dc/1_org_zoom.jpg
Vakum Molekül 25 Parça Yapı Taşları Fidget Duyusal Eğitici Oyuncak Squigz,Oyuncak,158.4,https://cdn.dsmcdn.com/mnresize/400/-/ty1630/product/media/images/prod/PIM/20250130/16/56ab8680-a0e1-4ae0-b7d7-a6f77aa24d42/1_org_zoom.jpg
Esnek Yarış Pisti 4.5 Metre Flex Track Oyuncak Araba Pisti Vantuzlu Eğitici Kız ve Erkek Mavi,Oyuncak,287.94,https://cdn.dsmcdn.com/mnresize/400/-/ty1908/prod/QC_PREP/20260602/22/fd4ed9b7-9e3a-36f5-bc2c-6abcd15b8465/1_org_zoom.jpg
Mind Chess Hafıza Oyunu Renklerle Hafıza Ve Zihin Geliştirme Satrancı Memory,Oyuncak,151.2,https://cdn.dsmcdn.com/mnresize/400/-/ty1478/product/media/images/prod/QC/20240811/17/ae2441b8-00f1-3c34-9106-76be8665a337/1_org_zoom.jpg
Üfle Balon Yap Köpüklü Üflemeli Baloncuk Yapan Oyuncak (10 Adet),Oyuncak,171.95,https://cdn.dsmcdn.com/mnresize/400/-/ty1940/prod/QC_ENRICHMENT/20260510/18/8c059c55-99c4-3f8f-93aa-ae8dca64ab74/1_org_zoom.jpg
Forclaz Doğa Yürüyüşü Batonu - Mavi - Mt100,Spor Outdoor,711.55,https://cdn.dsmcdn.com/mnresize/400/-/ty901/product/media/images/20230524/10/358068213/947596483/1/1_org_zoom.jpg
Döküm Tencere 10 Inch Dutch Oven Demir Döküm Kamp Tenceresi 25 Cm,Spor Outdoor,3515.5,https://cdn.dsmcdn.com/mnresize/400/-/ty1609/prod/QC/20241204/23/362fad65-e600-3cba-b734-e21df453c2ad/1_org_zoom.jpg
Su Geçirmez Regular Fit Cepli Fermuarlı Kapüşonlu Yağmurluk E2641AX25SP,Spor Outdoor,649.99,https://cdn.dsmcdn.com/mnresize/400/-/ty1757/prod/QC_ENRICHMENT/20250918/09/67e6fc0b-1acc-30c5-9436-1955deb0c897/1_org_zoom.jpg
Flat Head Lrf Jighead (8 No İğne),Spor Outdoor,161.5,https://cdn.dsmcdn.com/mnresize/400/-/ty1849/prod/QC_PREP/20260401/19/c477e15d-5f82-3d2e-bdbf-7cf9125ba88c/1_org_zoom.jpg
50 X 40 Cm Antresit Plastik Katlanır Masa 2 Adet Katlanır Sandalye Kamp Seti Bahçe Takımı Yeşil,Spor Outdoor,1187.77,https://cdn.dsmcdn.com/mnresize/400/-/ty1926/prod/QC_ENRICHMENT/20260608/10/60a47a5a-317d-3f14-a0f2-57bb4c43b15d/1_org_zoom.jpg
ATLAS ERKEK OUTDOOR TREKKİNG SPOR AYAKKABI FÜME,Spor Outdoor,4050.0,https://cdn.dsmcdn.com/mnresize/400/-/ty1897/prod/QC_PREP/20260520/12/81df9451-a409-370e-8348-22463dc67823/1_org_zoom.jpg
"Kadın 4’lü Spor Takım | Yüksek Bel Fitilli Uzun Tayt & Pedli Crop - Mürdüm, Siyah, Yeşil, Taş Gri",Spor Outdoor,1838.92,https://cdn.dsmcdn.com/mnresize/400/-/ty1808/prod/QC_PREP/20260106/15/961538ea-3d97-33ba-b258-2ff0a4518d0d/1_org_zoom.jpg
Katlanabilir Kamp ve Piknik Arabası 80 L Geniş İç Hacim Portatif Tasarım 120 Kg Taşıma Kapasitesi,Spor Outdoor,1549.0,https://cdn.dsmcdn.com/mnresize/400/-/ty1906/prod/QC_PREP/20260507/16/ff1a9e27-de7d-33e4-9b0d-54cb940cb6ac/1_org_zoom.jpg
Musluklu Katlanır Su Bidonu Outdoor Akordiyon Kamp Çeşme Piknik Damacana İçecek Şişesi Kova Kırmızı,Spor Outdoor,274.32,https://cdn.dsmcdn.com/mnresize/400/-/ty990/product/media/images/prod/SPM/PIM/20230830/11/084ecece-65fc-3cfd-a1b8-6d7fc6823a89/1_org_zoom.jpg
Su Geçirmez Bozulmaz Paslanmaz Çelik İzci Pusulası Büyük Boy Paslanmaz Çelik Yönlü Manyetik Pusula,Spor Outdoor,290.96,https://cdn.dsmcdn.com/mnresize/400/-/ty1264/product/media/images/prod/SPM/PIM/20240419/09/93e24507-6d42-3081-8b56-f6f387eda391/1_org_zoom.jpg
Neopren Iç Kılıf Tüm Ürünler Için Uyumludur 9 Mm,Spor Outdoor,122.4,https://cdn.dsmcdn.com/mnresize/400/-/ty1740/prod/QC_ENRICHMENT/20250830/10/e8cd2b69-4ba0-381f-83df-157e0632b103/1_org_zoom.jpg
CARİBBO 7249 I Piknik Masası,Spor Outdoor,1058.42,https://cdn.dsmcdn.com/mnresize/400/-/ty137/product/media/images/20210624/19/104097790/193284130/0/0_org_zoom.jpg
Çakmak Gazı 2'li 250 Ml,Spor Outdoor,114.19,https://cdn.dsmcdn.com/mnresize/400/-/ty1846/prod/QC_PREP/20260329/00/2972f5cd-7f73-384e-ab1c-aa830efbafd2/1_org_zoom.jpg
Şarjlı Solar Kamp Lambası Powerbank Özellikli,Spor Outdoor,494.1,https://cdn.dsmcdn.com/mnresize/400/-/ty1681/prod/QC/20250521/10/89c43155-57fe-39e2-9d8c-ff005c68668e/1_org_zoom.jpg
® 78 Parça Olta Yemleri ve Balık Tutma Aksesuarı Seti,Spor Outdoor,549.0,https://cdn.dsmcdn.com/mnresize/400/-/ty1446/product/media/images/prod/QC/20240729/21/a6c5ae30-7e0d-3ef0-bf4d-51ea9a260bb9/1_org_zoom.jpg
Özkan 41602 5'li Paket Kız Çocuk Karışık Renkli Desenli Pamuklu Yumuşak Rahat Şort Boxer,Çocuk,493.19,https://cdn.dsmcdn.com/mnresize/400/-/ty1791/prod/QC_ENRICHMENT/20251120/11/4109101e-56ff-336a-937d-63059a572ee2/1_org_zoom.jpg
Özkan 0801 5'li Paket Erkek Çocuk %100 Pamuklu Ribana Kumaş Esnek Rahat Atlet,Çocuk,386.95,https://cdn.dsmcdn.com/mnresize/400/-/ty1645/prod/QC/20250306/14/62eca5bc-0232-35a8-9be5-004864ced3b8/1_org_zoom.jpg
takım Üç Parça ERKEK Çocuk Boneli Mayo,Çocuk,521.1,https://cdn.dsmcdn.com/mnresize/400/-/ty1716/prod/QC_PREP/20250726/22/c83e1695-ad82-3ee2-958c-c4cd1b9cfbd6/1_org_zoom.jpg
Kız Bebek Kaydırmaz Taban 5'li Pamuklu Patik Çorap F6743A5NS,Çocuk,124.99,https://cdn.dsmcdn.com/mnresize/400/-/ty1757/prod/QC_ENRICHMENT/20250917/13/c78020a8-85dc-398f-a9fb-1ed609902219/1_org_zoom.jpg
%100 Pamuklu Baskılı Beli Lastikli Pijama Takımı Kız Çocuk E0666A825HS,Çocuk,279.99,https://cdn.dsmcdn.com/mnresize/400/-/ty1838/prod/QC_ENRICHMENT/20260312/03/d9692c27-5056-354c-9041-fa8ab3878825/1_org_zoom.jpg
Çocuk Güneş Gözlüğü 3'lü Fırsat Seti,Çocuk,121.07,https://cdn.dsmcdn.com/mnresize/400/-/ty1658/prod/QC/20250331/17/ba82dd26-07c3-31a2-b315-5d12b925d739/1_org_zoom.jpg
Çocuklar Için Atlama Zıplama Oyuncağı Boy Uzatıcı Eğitici Fiziksel Ve Zihinsel Geliştirici Spor Oyun,Çocuk,188.0,https://cdn.dsmcdn.com/mnresize/400/-/ty1855/prod/QC_ENRICHMENT/20260416/10/86938839-dea0-35e9-b9f5-cd19945beabe/1_org_zoom.jpg
Erkek Çocuk Premium Casual Ceketli Papyonlu Takım Elbise Düğün/Bayramlık,Çocuk,829.3,https://cdn.dsmcdn.com/mnresize/400/-/ty1894/prod/QC_PREP/20260514/15/5c2891f8-fbdd-33e5-9884-75751c27503a/1_org_zoom.jpg
HelloBaby Kız Bebek Tshirt Süprem Bisiklet Yaka Kısa Kol,Çocuk,139.09,https://cdn.dsmcdn.com/mnresize/400/-/ty1796/prod/QC_PREP/20251202/22/a8adf7b0-95b2-3641-be02-a6fff3cdd946/1_org_zoom.jpg
Kız Bebek Elbise Meyve Desenli Şapkalı Takım,Çocuk,353.36,https://cdn.dsmcdn.com/mnresize/400/-/ty1705/prod/QC_ENRICHMENT/20250705/23/c886a404-b978-387a-a11f-690da718d3f3/1_org_zoom.jpg
Kız Çocuk Tulum Mayo Deniz Kızı Desenli Arkadan Fermuarlı Bone Hediyeli Esnek ve Rahat 1-5 Yaş,Çocuk,198.9,https://cdn.dsmcdn.com/mnresize/400/-/ty1911/prod/QC_PREP/20260513/14/1b74e702-96b7-3217-91c4-4d3ce442fdc6/1_org_zoom.jpg
3'lü Kız Bebek & Çocuk Pamuklu Fiyonklu Örgü Desenli Dizaltı Çorap,Çocuk,227.59,https://cdn.dsmcdn.com/mnresize/400/-/ty1909/prod/QC_PREP/20260603/14/2790a98b-4dbf-316e-8716-77504d37cf9e/1_org_zoom.jpg
Kız Bebek Çocuk Yazlık Şort Tşhirt Takım,Çocuk,379.29,https://cdn.dsmcdn.com/mnresize/400/-/ty1682/prod/QC/20250521/00/b04c1748-c514-30f0-bc78-6925a0909e5c/1_org_zoom.jpg
Kız Çocuk 3'Lü Paket Kedi Yüzleri Baskılı Penye Tişört(Pembe-Siyah-Beyaz),Çocuk,429.9,https://cdn.dsmcdn.com/mnresize/400/-/ty1853/prod/QC_PREP/20260408/14/91030641-269f-3d4e-8ee9-fee95363154e/1_org_zoom.jpg
PİJAMA TAKIM,Çocuk,357.85,https://cdn.dsmcdn.com/mnresize/400/-/ty1411/product/media/images/prod/QC/20240704/16/8987e8c9-93f8-3417-a610-dc7f94688323/1_org_zoom.jpg
Kız Çocuk Kalpli Jean Bucket Şapka C0589A825SM,Çocuk,199.99,https://cdn.dsmcdn.com/mnresize/400/-/ty1941/prod/QC_ENRICHMENT/20260609/16/734e5ad3-a956-3726-b74e-9221d9a5b873/1_org_zoom.jpg
HelloBaby Basic Tshirt,Çocuk,104.32,https://cdn.dsmcdn.com/mnresize/400/-/ty1708/prod/QC_PREP/20250709/10/6f503a97-4082-396f-aaef-05e716faa6ca/1_org_zoom.jpg
Beli Lastikli Şort Kız Çocuk E6691A825HS,Çocuk,127.5,https://cdn.dsmcdn.com/mnresize/400/-/ty1837/prod/QC_ENRICHMENT/20260312/03/14675d8d-feda-3433-98d0-ab087ae7a738/1_org_zoom.jpg
5'li Pamuklu Çizgili Patik Çorap Erkek Çocuk N1919A6NS,Çocuk,149.99,https://cdn.dsmcdn.com/mnresize/400/-/ty1836/prod/QC_ENRICHMENT/20260313/06/2600cc8f-70d7-31be-8e18-4395343265d2/1_org_zoom.jpg
"1 Adet Mini Taş-kağıt-makas Oyunu Anahtarlık,parmak Oyuncağı,parti Hediye,stres Giderici Hediye",Çocuk,39.5,https://cdn.dsmcdn.com/mnresize/400/-/ty1928/prod/QC_ENRICHMENT/20260510/16/daca6a0a-bcdc-332f-8b09-eab2c578cc5e/1_org_zoom.jpg
Kız Çocuk / Bebek Sevimli Aksesuarlı Arkadan Bantlı Kaydırmaz Eva Deniz Plaj Kreş Sandalet Terlik,Çocuk,245.16,https://cdn.dsmcdn.com/mnresize/400/-/ty1833/prod/QC_PREP/20260306/22/9cdacf38-6c7e-379e-9c00-cbcca4dcbe62/1_org_zoom.jpg
Erkek Çocuk Beyaz Bisiklet Yaka Basic Tişört 50325607-VR013,Çocuk,323.98,https://cdn.dsmcdn.com/mnresize/400/-/ty1920/prod/QC_ENRICHMENT/20260603/18/00096a3d-ebb2-35c6-84a5-4e84286b7432/1_org_zoom.jpg
Baskılı 7'li Pamuklu Patik Çorap Erkek Çocuk W8890A6NS,Çocuk,140.0,https://cdn.dsmcdn.com/mnresize/400/-/ty1836/prod/QC_ENRICHMENT/20260313/03/44edb4ea-b76f-3912-b35b-c98b79f5503a/1_org_zoom.jpg
Erkek Çocuk Pembe Basic Bisiklet Yaka Tişört 50306512-VR167,Çocuk,287.98,https://cdn.dsmcdn.com/mnresize/400/-/ty1646/prod/QC/20250306/15/d89d5be3-4de6-3e0b-8152-42ca3fb68471/1_org_zoom.jpg
Kaydırmaz Taban 5li Pamuklu Patik Çorap Kız Bebek E4644A5NS,Çocuk,150.6,https://cdn.dsmcdn.com/mnresize/400/-/ty1837/prod/QC_ENRICHMENT/20260312/02/761ff06e-09cf-3246-b897-cae9d636025d/1_org_zoom.jpg
KIZ ÇOCUK PAMUKLU SIFIR KOLLU ŞORTLU PİJAMA TAKIMI,Çocuk,292.5,https://cdn.dsmcdn.com/mnresize/400/-/ty1715/prod/QC_PREP/20250723/12/4e7d3db3-7281-3d96-93e5-e86f38f3a9c0/1_org_zoom.jpg
Kız Çocuk Capy Bara Baskılı Beyaz Tişört-Biyeli Pembe Şort Takım,Çocuk,387.5,https://cdn.dsmcdn.com/mnresize/400/-/ty1853/prod/QC_PREP/20260408/15/924c4b58-d51a-3b23-91b1-78c24b70b3e3/1_org_zoom.jpg
5'Lİ HASTANE ÇIKIŞI % 100 PAMUKLU SET FİTİLLİ DESENLİ MOM&DAD YENİDOĞAN EXTRA KONFOR,Çocuk,287.0,https://cdn.dsmcdn.com/mnresize/400/-/ty1851/prod/QC_ENRICHMENT/20260408/17/0a0d4d06-cbb7-349e-9461-cdfb30301c8a/1_org_zoom.jpg
Erkek Çocuk Vişne Bisiklet Yaka Basic Tişört 50325556-VR223,Çocuk,323.98,https://cdn.dsmcdn.com/mnresize/400/-/ty1923/prod/QC_ENRICHMENT/20260602/20/3b9c048a-5520-3f63-a468-16e9933e1430/1_org_zoom.jpg
Organik Pamuk Unisex 5'li Kutulu Premium Yeni Doğan Bebek Çorabı,Çocuk,176.3,https://cdn.dsmcdn.com/mnresize/400/-/ty1593/prod/QC/20241029/19/dc479b81-8a77-3e03-90fd-fe93832ea672/1_org_zoom.jpg
Unisex Bebek&Çocuk %100 Pamuklu Çizgili Düğmeli Müslin Şort Takım-Mavi,Çocuk,343.57,https://cdn.dsmcdn.com/mnresize/400/-/ty1922/prod/QC_ENRICHMENT/20260601/11/bbef099e-19dd-3653-8c11-793cbcce3783/1_org_zoom.jpg
Organik Yenidoğan 5’li Bebek seti %100 Pamuk,Anne & Bebek & Çocuk,1119.2,https://cdn.dsmcdn.com/mnresize/400/-/ty1844/prod/QC_PREP/20260325/18/96332ecf-c295-3d2e-b71f-5d454b2b5bc7/1_org_zoom.jpg
Kısa Salopet Kısa Kollu Zıbın Çoraplı Takım,Anne & Bebek & Çocuk,373.62,https://cdn.dsmcdn.com/mnresize/400/-/ty1932/prod/QC_PREP/20260518/18/d639e168-3e5c-37e9-9cd9-165ba161ff1b/1_org_zoom.jpg
3'lü Avantaj Paketi: Sevimli Hayvan Desenli %100 Pamuk Kolsuz Bebek Body / Alttan Çıtçıtlı Atlet Zıbın Seti (Erkek Bebek),Anne & Bebek & Çocuk,269.1,https://cdn.dsmcdn.com/mnresize/400/-/ty1936/prod/QC_ENRICHMENT/20260609/09/ff2482f4-2fb6-3cee-b3bb-d080d59d9c8b/1_org_zoom.jpg
Naturel Kumaş 5 Parça Hastane Çıkışı Seti,Anne & Bebek & Çocuk,363.32,https://cdn.dsmcdn.com/mnresize/400/-/ty1919/prod/QC_ENRICHMENT/20260608/02/5d98f46e-2601-358d-a255-ddf01231388a/1_org_zoom.jpg
3-6-9 AY BANDANALI OMZU FIRFIRLI RENKLİ TULUM TAKIM 2'Lİ SET BEBEK&ÇOCUK TAKIM,Anne & Bebek & Çocuk,277.1,https://cdn.dsmcdn.com/mnresize/400/-/ty1818/prod/QC_PREP/20260204/18/b8dec621-65af-396d-981d-58a2731e1ee3/1_org_zoom.jpg
3-6-9 AY BANDANALI OMZU FIRFIRLI KIRMIZI KALPLİ DESENLİ TULUM TAKIM 2'Lİ SET BEBEK&ÇOCUK TAKIM,Anne & Bebek & Çocuk,277.1,https://cdn.dsmcdn.com/mnresize/400/-/ty1855/prod/QC_ENRICHMENT/20260417/17/8ce34f50-4fed-3ceb-8c88-b9cabacc3f0d/1_org_zoom.jpg
V Yaka Gömlek Detaylı Pamuklu Waffle Şort Takım-Yeşil,Anne & Bebek & Çocuk,313.49,https://cdn.dsmcdn.com/mnresize/400/-/ty1686/prod/QC/20250529/13/d5895fa2-1dd1-302a-a8c7-c284a9d5da26/1_org_zoom.jpg
Arı Temalı Organik Pamuk Yenidoğan Hastane Çıkış Seti 5 Parça Kutulu,Anne & Bebek & Çocuk,297.9,https://cdn.dsmcdn.com/mnresize/400/-/ty1812/prod/QC_PREP/20260122/11/faa64945-1c1f-3138-8569-e5a543553520/1_org_zoom.jpg
Bebek / Çocuk Alt-üst Şortlu Fitilli Takım,Anne & Bebek & Çocuk,181.14,https://cdn.dsmcdn.com/mnresize/400/-/ty1861/prod/QC_ENRICHMENT/20260427/00/1cc4cbe9-3473-3d65-84ce-1445552f59e3/1_org_zoom.jpg
Salopet Likralı Kot Polo Yaka Sweatshirt Düğmeli Salopet Erkek Bebek Takım,Anne & Bebek & Çocuk,654.88,https://cdn.dsmcdn.com/mnresize/400/-/ty1748/prod/QC_PREP/20250909/23/60209405-a754-3595-be50-3f6c3d03f4c2/1_org_zoom.jpg
Kapüşonlu Animal Desenli Alt Üst Bebek Takımı,Anne & Bebek & Çocuk,199.0,https://cdn.dsmcdn.com/mnresize/400/-/ty1728/prod/QC_PREP/20250820/15/74a04a89-982c-360b-b4c8-e459315acfc9/1_org_zoom.jpg
Yenidoğan Kız Erkek Pamuk Uni Yumuşak Kısa Kollu Yazlık Tulum,Anne & Bebek & Çocuk,194.04,https://cdn.dsmcdn.com/mnresize/400/-/ty1943/prod/QC_ENRICHMENT/20260523/14/ab35ebde-769b-397f-a061-76aed026274b/1_org_zoom.jpg
Kalpli 2’li Kız Bebe Takım (bandanasız),Anne & Bebek & Çocuk,408.82,https://cdn.dsmcdn.com/mnresize/400/-/ty1823/prod/QC_ENRICHMENT/20260210/10/f544da25-7d9b-3b2f-ada8-5435a8d77c89/1_org_zoom.jpg
Kız Çocuk Yeşil Papatya Desen Fırfırlı Slopet Bandana Beyaz File Çorap Set,Anne & Bebek & Çocuk,505.39,https://cdn.dsmcdn.com/mnresize/400/-/ty1854/prod/QC_ENRICHMENT/20260413/00/de36cc23-ba59-3895-b1bb-d911482071a9/1_org_zoom.jpg
2'Lİ %100 PAMUK FİTİLLİ 3-6-9 AY TULUM&HASTANE ÇIKIŞI YENİDOĞAN TULUM EXTRA KONFOR,Anne & Bebek & Çocuk,346.4,https://cdn.dsmcdn.com/mnresize/400/-/ty1854/prod/QC_ENRICHMENT/20260414/23/fee7fd29-2e36-3cac-86f4-aac147fd6bab/1_org_zoom.jpg
3-6-9 AY BANDANALI RENKLİ KALPLİ TULUM TAKIM 2'Lİ SET BEBEK&ÇOCUK TAKIM,Anne & Bebek & Çocuk,277.1,https://cdn.dsmcdn.com/mnresize/400/-/ty1815/prod/QC_PREP/20260123/11/946084e7-ce55-37d8-8292-cc946c2634aa/1_org_zoom.jpg
5'Lİ HASTANE ÇIKIŞI % 100 PAMUKLU SET FİTİLLİ DESENLİ MOM&DAD YENİDOĞAN EXTRA KONFOR,Anne & Bebek & Çocuk,287.0,https://cdn.dsmcdn.com/mnresize/400/-/ty1851/prod/QC_ENRICHMENT/20260408/17/0a0d4d06-cbb7-349e-9461-cdfb30301c8a/1_org_zoom.jpg
Kız Çocuk Fiyonk Detaylı 2’li Takım 3707,Anne & Bebek & Çocuk,619.58,https://cdn.dsmcdn.com/mnresize/400/-/ty1913/prod/QC_ENRICHMENT/20260429/15/a4a1c4c6-eb2f-3c2e-b44a-df613fdfe017/1_org_zoom.jpg
Kızerkek Pamuk Uni Yumuşak Kısa Kol Yazlık Bebektakım 0-6 Ay 4- Yaş Sarı,Anne & Bebek & Çocuk,299.22,https://cdn.dsmcdn.com/mnresize/400/-/ty1942/prod/QC_ENRICHMENT/20260601/01/1290b721-3ae3-3ca6-9e02-90fd339528a5/1_org_zoom.jpg
Rito Unisex 3 Parça Kısa Kollu Alt Değiştirme Çıtçıtlı - Bebek Bodysuit Zıbın Seti,Anne & Bebek & Çocuk,383.2,https://cdn.dsmcdn.com/mnresize/400/-/ty1595/prod/QC/20241029/02/e7d4df1a-653e-3206-9456-464d87429b76/1_org_zoom.jpg
Kot Salopet Şapkalı Waffle T-shirt Kanguru Cep Unisex Yazlık Bebek Takım,Anne & Bebek & Çocuk,792.0,https://cdn.dsmcdn.com/mnresize/400/-/ty1916/prod/QC_ENRICHMENT/20260603/17/5b653a5e-119b-36cc-bb10-90c45c86e2b8/1_org_zoom.jpg
V Yaka Gömlek Detaylı Pamuklu Waffle Şort Takım-Siyah,Anne & Bebek & Çocuk,313.49,https://cdn.dsmcdn.com/mnresize/400/-/ty1688/prod/QC/20250529/13/7c8ebf73-4512-31fd-9114-b9f946cfe9bd/1_org_zoom.jpg
Kız Bebek Yeni Doğan Çiçekli Penye Kısa Kollu Tulum C8770A524SM,Anne & Bebek & Çocuk,239.99,https://cdn.dsmcdn.com/mnresize/400/-/ty1837/prod/QC_ENRICHMENT/20260312/16/124ce7f2-c61d-380d-8d93-13d675a4fcc0/1_org_zoom.jpg
Hastane Çıkışı 7'li Set Unisex Raporlu İnterlok,Anne & Bebek & Çocuk,607.5,https://cdn.dsmcdn.com/mnresize/400/-/ty1753/prod/QC_PREP/20250914/19/d48910df-2c5b-3d81-8a92-f007bf0a40d8/1_org_zoom.jpg
Yenidoğan Bebek Patikli Pamuklu Çıtçıtlı Tulum Hastane Çıkışı 0-3 Ay (kiz Erkek Bebek Yenidoğan ),Anne & Bebek & Çocuk,171.29,https://cdn.dsmcdn.com/mnresize/400/-/ty1688/prod/QC/20250529/12/b4ab5ee6-0128-308e-9bfd-bd98b3219928/1_org_zoom.jpg
Kız Bebek Kapüşonlu Tavşan Kulaklı Çizgili Tavşan Baskılı 3 Parça Zıbınlı Şirin Kız Takım Somon,Anne & Bebek & Çocuk,492.03,https://cdn.dsmcdn.com/mnresize/400/-/ty1753/prod/QC_ENRICHMENT/20250911/16/bb80c7b9-562d-3a6d-89ba-240bfd65af9e/1_org_zoom.jpg
Organik Kız Bebek Çiçek desenli 2li Tulum Takımı Yenidoğan kıyafet 1-3-6 ay 2'li Pamuklu 2 Parça Çi,Anne & Bebek & Çocuk,342.9,https://cdn.dsmcdn.com/mnresize/400/-/ty1767/prod/QC_ENRICHMENT/20251009/16/c19c5841-ee59-3329-9ffe-2254d5bcff1e/1_org_zoom.jpg
5li İp Askılı Beyaz Pamuklu Çıtçıtlı Body Atlet Zıbın,Anne & Bebek & Çocuk,275.22,https://cdn.dsmcdn.com/mnresize/400/-/ty1825/prod/QC_PREP/20260216/19/4fafcf79-929d-3281-ae8f-5b87bac87dca/1_org_zoom.jpg
Her Araca Uyumlu Araç Içi Ayak Aydınlatma Ambıans 12 Led 8 Renk,Otomobil ve Motosiklet,265.0,https://cdn.dsmcdn.com/mnresize/400/-/ty1427/product/media/images/prod/QC/20240710/23/0663d8cd-74f0-38a4-a2da-fbc7e68caf06/1_org_zoom.jpg
Forza Ayarlı Amerikan Park Sinyal Modülü Ve T10 Turuncu Led,Otomobil ve Motosiklet,320.62,https://cdn.dsmcdn.com/mnresize/400/-/ty1934/prod/QC_ENRICHMENT/20260606/12/745c2b05-a067-38c9-9b5c-2e09d768ec4f/1_org_zoom.jpg
11 İNÇ 120 WAT 12 VOLT EMİCİ AXİEL FAN,Otomobil ve Motosiklet,1583.28,https://cdn.dsmcdn.com/mnresize/400/-/ty1441/product/media/images/prod/QC/20240725/12/35bdf874-2cce-3d6a-ae51-9dd3dbc1610e/1_org_zoom.jpg
Oto Araç Araba Güneşliği Ön Cam Güneşliği Parlak Güneşlik Koruyucu Perde Metalize 130x60 Cm,Otomobil ve Motosiklet,138.36,https://cdn.dsmcdn.com/mnresize/400/-/ty1443/product/media/images/prod/QC/20240728/05/9c93680d-d485-32da-9333-94881efc74a3/1_org_zoom.jpg
Y20 5.3 Motosiklet Kask Kulaklık Intercom Işıklı Motorsiklet Interkom,Otomobil ve Motosiklet,867.07,https://cdn.dsmcdn.com/mnresize/400/-/ty1466/product/media/images/prod/QC/20240806/07/5ea920cb-7dc7-3c42-906b-658d0fae6c09/1_org_zoom.jpg
Siyah Deri Araç Kolçak Kılıfı Organizer | Çift Cepli Kol Dayama Araç İçi Düzenleyici,Otomobil ve Motosiklet,270.64,https://cdn.dsmcdn.com/mnresize/400/-/ty1811/prod/QC_PREP/20260109/19/8a3802dc-a81f-3c08-82e1-24ad7221cfd2/1_org_zoom.jpg
Stm Sinyal Tersleyici Modül Sinyal Stop Tersleme Sınyal Sıs Tersleme,Otomobil ve Motosiklet,406.6,https://cdn.dsmcdn.com/mnresize/400/-/ty1426/product/media/images/prod/QC/20240710/21/eb93b6da-3eba-332f-b673-afd8dc7c89e9/1_org_zoom.jpg
Araba Akrobat Telefon Tutucu Araç Içine Cep Telefonu Tutacağı Oto Aksesuar Arac Telefon Tutucu,Otomobil ve Motosiklet,320.33,https://cdn.dsmcdn.com/mnresize/400/-/ty1730/prod/QC_PREP/20250821/11/ef24751b-1ca1-3c12-a91f-2b6a15558009/1_org_zoom.jpg
Terletmez 3'lü Minder Set Serme Kilim Siyah Beyaz,Otomobil ve Motosiklet,240.0,https://cdn.dsmcdn.com/mnresize/400/-/ty1684/prod/QC/20250524/21/fb046527-06a6-3f81-a363-c7dc2a7c16c7/1_org_zoom.jpg
Carfort Büyük Visco Araç Boyun Yastığı – Ortopedik Oto Koltuk Boyun Desteği Siyah - Ergo Travel,Otomobil ve Motosiklet,350.82,https://cdn.dsmcdn.com/mnresize/400/-/ty1783/prod/QC_ENRICHMENT/20251104/12/90f38ca4-ee4c-3f44-8f67-91621234cfe4/1_org_zoom.jpg
Suhvee Tüm Araçlar Için Araba Ön Cam Güneşlik Katlanabilir Güneşlik Şemsiye Ön Cam Gölgelik,Otomobil ve Motosiklet,332.5,https://cdn.dsmcdn.com/mnresize/400/-/ty1593/prod/QC/20241028/18/e680b1e5-e2fa-39e7-a0cb-0b53d256525d/1_org_zoom.jpg
Araba Güneş Gölge Koruyucu Yenilenmiş Yansıtma Teknoloji Şemsiye Oto Ön Cam Güneşlik Araç Şemsiyesi,Otomobil ve Motosiklet,299.0,https://cdn.dsmcdn.com/mnresize/400/-/ty1919/prod/QC_ENRICHMENT/20260505/18/1c4368fa-8063-3e63-97a8-1bd42d0c11f4/1_org_zoom.jpg
"Plaka Öpücük Sticker Dudak Sticker Etiket 4 x 2,5 cm",Otomobil ve Motosiklet,24.13,https://cdn.dsmcdn.com/mnresize/400/-/ty1825/prod/QC_PREP/20260216/16/cfdf3bf9-d49d-3df8-9235-c54160937656/1_org_zoom.jpg
Şeffaf Tampon Çamurluk Bagaj Kapı Eşiği Koruyucu Şerit Eşik Koruma Bandı Şeffaf 5mt x 5cm,Otomobil ve Motosiklet,275.66,https://cdn.dsmcdn.com/mnresize/400/-/ty1586/prod/QC/20241015/01/e0c52d6e-1995-3893-b227-5a04608af1c8/1_org_zoom.jpg
"Active Foam Green 1L Aktif Köpük Oto Şampuanı – Fırçasız Ön Yıkama, Yoğun Köpük, Güçlü Kir Çözücü",Otomobil ve Motosiklet,414.0,https://cdn.dsmcdn.com/mnresize/400/-/ty1928/prod/QC_ENRICHMENT/20260513/11/dd391639-a90e-393c-9df4-6dbe5ff5ecbf/1_org_zoom.jpg
KN6100 PRO Motosiklet Kask İnterkom Bluetooth Intercom Kulaklık Seti - Siyah,Otomobil ve Motosiklet,4799.2,https://cdn.dsmcdn.com/mnresize/400/-/ty1849/prod/QC_ENRICHMENT/20260331/10/ede854eb-090f-3d3d-af79-43753364199f/1_org_zoom.jpg
AHV-02 Kablosuz Araç İçi Süpürge Mor | 20000PA Güçlü Vakum | Fırçasız Motor | Üfleme & Vakum Ö,Otomobil ve Motosiklet,1223.1,https://cdn.dsmcdn.com/mnresize/400/-/ty1923/prod/QC_ENRICHMENT/20260502/21/12a1df59-b271-3020-851d-da93eb4311de/1_org_zoom.jpg
Araç Trafik Seti Muayene Seti Eko,Otomobil ve Motosiklet,519.06,https://cdn.dsmcdn.com/mnresize/400/-/ty1707/prod/QC_ENRICHMENT/20250708/13/57401a18-388d-3969-9636-d7a2efacc5c2/1_org_zoom.jpg
Oto Araç Kör Nokta Ayna Prizmatik Ayna Araba Aynası 360° Oynar,Otomobil ve Motosiklet,118.7,https://cdn.dsmcdn.com/mnresize/400/-/ty1608/prod/QC/20241204/02/fde354a2-cf82-36ec-9515-b717279d50e6/1_org_zoom.jpg
Araba Paspası 3 D Universal havuzlu,Otomobil ve Motosiklet,368.29,https://cdn.dsmcdn.com/mnresize/400/-/ty1580/prod/QC/20241007/11/b9a2a6d4-4cb4-3adf-8f3a-2e95855ace43/1_org_zoom.jpg
Yüksek Su Emici Özellikli Mikrofiber Araç Kurulama Havlusu-Çiziksiz Temizlik-60x90cm-600gsm,Otomobil ve Motosiklet,605.14,https://cdn.dsmcdn.com/mnresize/400/-/ty1549/product/media/images/ty1550/prod/QC/20240916/16/b1e295f3-7544-331f-a309-4ba8095d067f/1_org_zoom.jpg
Oto Güneşlik Perde Araba Yan Cam Perdesi Güneş Önleyici Araç Içi Güneşliği Için Sinekliği,Otomobil ve Motosiklet,156.92,https://cdn.dsmcdn.com/mnresize/400/-/ty1911/prod/QC_ENRICHMENT/20260512/15/f28fc507-1a7a-31c4-82ad-67fc35312961/1_org_zoom.jpg
5'li Kaliteli Farklı Boyutlarda Oto Detay Fırça Seti 5 Adet Oto Araba Yıkama Klima Temizleme Fırçası,Otomobil ve Motosiklet,67.32,https://cdn.dsmcdn.com/mnresize/400/-/ty1852/prod/QC_ENRICHMENT/20260409/10/1f0aaac9-6938-3988-ba57-c4c016bb60dd/1_org_zoom.jpg
Araba Oto 1 Adet Yumuşak Sünger Çok Amaçlı Araba Yıkama Ve Temizleme Süngeri İnce üründür,Otomobil ve Motosiklet,18.87,https://cdn.dsmcdn.com/mnresize/400/-/ty1573/prod/QC/20240927/07/8ad2b56b-81ce-3633-a652-eee02f9d34c3/1_org_zoom.jpg
